facility_id,district,block
a21e793a-5e0c-42c6-bfd2-ef0009c02db8,Krishna,Gudivada
f8db66c4-5647-4e59-9096-e1a4cf3805ae,Krishna,Gudivada
180a130f-9a93-4571-89e8-f396ccbedef9,Krishna,Gudivada
1afd89a2-4a5b-4a90-9831-7cdf5245f3ec,Krishna,Gudivada
4cc2e223-2a91-4ce6-b007-52a0436cc641,Eluru,Nuzividu
c6bdad69-47e7-489a-a96a-a01420c8864d,Eluru,Eluru
e92434fc-39ee-4f59-9512-55834011ecb5,Eluru,Eluru
6041473b-0aaa-440a-9ae3-71a58d856b2d,Eluru,Eluru
b91e693e-94e8-428f-8f44-accb36bd6555,Krishna,Gudivada
a8350e91-a47e-4531-8bc2-4bd984a0c882,Krishna,Gudivada
af92b809-2b3d-4601-8c7f-d0f0798ca9ac,Eluru,Eluru
13e22430-7d93-4cab-9202-775b47a52dbd,Eluru,Eluru
578034c7-079f-4a20-9e6a-7589ace61a41,Krishna,Vuyyuru
302ad6d7-dd0e-4ebd-ab98-7bfaca032fa2,Krishna,Gudivada
e19d82ab-989e-4b50-b266-5930efd18a95,Eluru,Eluru
70b29bb5-22d7-4217-bafd-df29b435d90f,Krishna,Gudivada
ff0123ac-5d5d-4eab-9509-73160883366d,Eluru,Eluru
2e024cc7-d70a-4a92-af5b-8d74de976986,Eluru,Eluru
9448d213-a15c-4e76-bf4c-d937d476617a,Eluru,Eluru
caa379c8-8bce-4adb-8ce9-029d6d5675ac,Eluru,Eluru
eefc58b1-885a-4460-8afa-89618f66ef64,Eluru,Eluru
b9ae7f92-c7de-464d-919a-53ea4620f156,Eluru,Eluru
5c96bd6d-628a-4c0e-9133-19c74df5ee89,Eluru,Eluru
5899fabe-1620-4185-9d25-1d09302e91dd,Krishna,Gudivada
4ef15a3f-38f7-4165-be7a-1fcc929b8129,Eluru,Eluru
3e927fcd-3071-4349-b347-a07226d4d552,Eluru,Eluru
0899c1ff-f62a-4c2f-a1aa-0d496373549d,Krishna,Vuyyuru
d7a6206a-7dde-4554-9d26-d04ca0d0eca6,Eluru,Eluru
9f9c206f-1f18-4962-ad2b-fc527b512022,Eluru,Eluru
e3de0267-c2dc-4ba9-8fe4-54b7ab0e54f0,Krishna,Gudivada
12bc0b41-5aca-40ff-a030-0b2d1740169e,Eluru,Eluru
d10c63cb-bec3-43f3-9840-c32cfa2cae88,Eluru,Eluru
a72ab430-aeab-482a-b5ac-1b8f291db4b9,Krishna,Gudivada
7343c887-4e7b-436e-b072-9564c19a4c9b,Eluru,Eluru
42a169aa-ccca-400d-b36a-9843ed62e273,Krishna,Gudivada
3d806f7d-3f98-4937-9c87-f44c610c0398,Krishna,Vuyyuru
1a83bce2-1a99-4f21-ad14-bc13a345eb3f,Krishna,Gudivada
be04aca9-d7af-488c-8e92-fc67f50fb17a,Krishna,Gudivada
ff3225c1-9eca-4bc5-a462-5e75a629e691,Eluru,Eluru
73f4cd38-6746-42e3-a338-5174d972d697,Krishna,Gudivada
dcdf819a-ace3-438b-8299-0f8fb64efe14,Krishna,Gudivada
d6310485-5b9d-40ba-8851-880d98b795b1,Krishna,Vuyyuru
f209234b-a073-4d65-8f12-718940164440,Krishna,Vuyyuru
2c094631-5015-4f87-9730-8514a78d9de5,Krishna,Gudivada
fc140db5-1aaf-4bd7-ab1b-b843f84181fd,Eluru,Eluru
1ad58ba7-800f-4aa1-a9b1-f530c7aa66a6,Eluru,Eluru
f41ca5eb-e0c5-40e3-9ae7-308b98b23002,Krishna,Gudivada
e19f59d9-6984-4dff-8d8e-73a4d0753cea,Krishna,Gudivada
b33c32ea-5d7c-4164-89ac-76ee9fe651ca,Krishna,Gudivada
83a09b7a-6b26-4e92-9ea3-0d0147d71e30,Krishna,Vuyyuru
358f699f-44bd-441d-82ab-7f0a43de9c4d,Krishna,Gudivada
dd2a26c0-c343-4f68-b3fb-5b109dcfbd65,Krishna,Vuyyuru
7e7fc5f9-46f8-479e-9994-08bb9dbe7165,Krishna,Machilipatnam
161f4a99-40c4-49da-8dae-f8dd566eda2c,Krishna,Machilipatnam
f78addae-7f6e-4419-ae25-c26ceed54813,Krishna,Machilipatnam
b98e125f-802e-4b4d-bf6d-863632d2118f,Krishna,Machilipatnam
4eddb3f4-c71d-4712-bdff-23dd882cf107,Krishna,Machilipatnam
8f9e4fcf-cc83-4b65-9b3f-5ebee55dc202,Krishna,Machilipatnam
eab665ab-d6a4-4af4-b7fd-4f87b3e338f5,Krishna,Machilipatnam
de96b034-d00b-4e0f-a384-80049f2753fa,Krishna,Machilipatnam
73e75f0c-d207-4e79-8e86-3713ece0ae07,Krishna,Machilipatnam
b7c2ed62-ed63-42d7-b731-b7960d847681,Krishna,Machilipatnam
500b8979-2fe5-4e1a-97d5-8ea3625635fb,Krishna,Machilipatnam
4a428da5-e10e-4672-87e9-2ca58ae92ab4,Krishna,Vuyyuru
286d1cf9-8243-477d-b8c9-96d24f4a287e,Krishna,Machilipatnam
79f43942-a8de-4d74-9363-9ad4040a37e9,Krishna,Machilipatnam
7ae75fba-5ec5-4e2f-bde2-c46d26a78bf1,Krishna,Machilipatnam
81b2e4ae-c1c4-4063-9296-6dd8e93fbd7f,Krishna,Machilipatnam
4143cf38-e361-4ea4-81ef-7cca59511ef5,Krishna,Machilipatnam
c7ccb3d0-3bdf-4f38-bf24-6085b0b9baa3,Krishna,Machilipatnam
f8f32a67-228f-498f-af7a-83f48f1b2045,Krishna,Machilipatnam
5b6530f2-2a01-4a59-9aaf-7746758b8d5e,Krishna,Machilipatnam
42aa9749-a057-40dc-b453-1305f643df86,Krishna,Vuyyuru
04f6363c-3abc-4788-88af-616f2b7a5bab,Krishna,Machilipatnam
af49d895-24be-489d-b4eb-43683ca1bdd1,Krishna,Machilipatnam
0455b753-5faf-4de6-a3cd-a3d738386244,Krishna,Machilipatnam
70dad408-8df5-46bc-9fee-717151654ed0,Krishna,Machilipatnam
62e65bbb-5a5f-4bb3-8a5e-c6f2f64047e6,Krishna,Machilipatnam
5d9c20ec-6a6f-4c02-9c2a-85782ecff7a6,Krishna,Machilipatnam
796442c8-4066-465c-b79d-e1be21ac1f12,Krishna,Vuyyuru
61f7ca77-f672-48a8-882a-752eaa7e1a37,Krishna,Machilipatnam
38977596-d9cf-4290-8e4e-d3ea349df8d6,Krishna,Machilipatnam
361415cd-57f7-4d59-9d80-9e3a5adb762c,Krishna,Machilipatnam
a409e24d-b16a-4420-8fd5-793aa353b441,Krishna,Machilipatnam
2ed30993-ac61-48d2-8658-b9679687b03c,Krishna,Machilipatnam
2001faaf-662a-4c0b-889a-82d8e5845bee,Krishna,Machilipatnam
c4604d67-1927-4b66-b8f3-a194e0790d87,Krishna,Machilipatnam
3a9996d4-14a8-4824-ad64-315e86973bcd,Krishna,Machilipatnam
99202e11-8dc4-4bbb-9ee2-6804b920804d,Krishna,Vuyyuru
052f7237-a188-4d02-a702-37da5bce0102,Krishna,Machilipatnam
398446d3-567f-414b-834e-8e213564d8dc,Krishna,Machilipatnam
da5da45b-4cf3-4f3d-b870-359f6cc58140,Krishna,Vuyyuru
e17caa38-14af-4392-80bc-da2a335ac97d,Krishna,Machilipatnam
b46af9d0-e3bd-49ba-a711-15edf2d867c2,Krishna,Machilipatnam
e19a6c38-e765-4c1b-b731-af404193a1d8,Krishna,Machilipatnam
500754d4-704b-485f-b617-21569d43e06f,Krishna,Machilipatnam
9509f8ce-a6e0-4d1e-b4e8-998a46a4b5b2,Krishna,Machilipatnam
05fd5833-85f3-4bd5-bd4a-da7909271468,Krishna,Machilipatnam
dadeadd9-c4e6-41f4-a9e9-1e8aa8a76379,Krishna,Machilipatnam
327fe3ab-5ae1-4e51-a796-f7cc92c7ea2b,Krishna,Machilipatnam
af93be60-1f35-4f93-942a-ec1e8633fb22,Krishna,Machilipatnam
2086a775-e7b0-4fc7-ad5a-a9039e438871,Krishna,Machilipatnam
654e56e7-bb78-4150-a222-870ed5702ee3,Krishna,Machilipatnam
b4c8dc57-3b9b-49a5-a0dd-a90faa20757f,Krishna,Machilipatnam
58d3cef8-7674-4d78-a41a-e8cab704e73e,Krishna,Machilipatnam
69fd313d-5327-4efe-a51d-c3967322b590,Krishna,Machilipatnam
35b3ca15-10dc-4dea-9f2b-bee07d847b0d,NTR,Nandigama
20b28372-b0c7-4fe0-a7f4-1ae00c498530,Krishna,Machilipatnam
aa9d3f45-1791-41be-9b3f-35ad89426f4b,Krishna,Machilipatnam
affb3cb8-44d3-4d5e-8bf4-08cfe5bb798a,Krishna,Machilipatnam
7651414b-e785-485e-8cdf-916e1fee0f78,Krishna,Machilipatnam
2df30b50-d841-4323-8843-9fe693d06463,Krishna,Machilipatnam
3b0a4435-d991-4d66-9b68-86da07df73f6,Krishna,Machilipatnam
f2f8dcb1-b458-41f2-9d41-7e6653a99e67,Krishna,Machilipatnam
c95a059a-ffb7-44e6-ad51-93772a028f36,Krishna,Machilipatnam
9f4bcc34-7c7c-4907-925e-14d3a1b7601a,Krishna,Machilipatnam
e89b3023-ecae-4a8a-8a2f-c61381b50913,Krishna,Machilipatnam
67a731db-1e01-4d4b-b40b-a2b773433340,Krishna,Machilipatnam
ea8d851c-b4d9-48eb-aef3-a5f62d805136,Krishna,Vuyyuru
3a0c2aab-94ec-4be5-986a-46c984ebe429,Krishna,Machilipatnam
e80aa1e8-e986-4b63-856e-4e4fc277a3ba,Krishna,Machilipatnam
56acc6ac-e830-41e5-802b-1e0f28d5de38,Krishna,Machilipatnam
99001734-80d6-4802-9eeb-f2675264fe26,Krishna,Machilipatnam
da5d549d-756e-4f9e-8789-c00b66e166bb,Krishna,Vuyyuru
c8f14e21-d6a5-46a6-b6cd-e3c1abd283ac,Krishna,Machilipatnam
3bfd4697-da88-457a-abf0-94dfaf3abf76,Krishna,Machilipatnam
bad2f555-198a-4020-bef0-977c16a3baed,Krishna,Machilipatnam
c4b91c77-099e-4687-b7ea-7ad467df8a1b,Krishna,Machilipatnam
8a90b86f-2b7f-45e8-95ac-82b24cb0fc8e,Krishna,Machilipatnam
696f4107-3ee7-43fb-8e48-c8e54b4ccfe4,Krishna,Machilipatnam
361c23fa-a35c-40cd-b018-2448fd73508b,Krishna,Vuyyuru
20b27b1b-5f08-43c8-a1a5-7cd8e44bff93,Krishna,Machilipatnam
0214ea85-d48e-4051-bf0b-aa4b0298bfd4,Krishna,Vuyyuru
3540e93c-c2db-4dbe-b8f1-d325917186a7,Krishna,Machilipatnam
bc3d2554-1c3b-4d08-94f7-37ed17f30265,Krishna,Machilipatnam
7e673dfa-bcf3-4e72-8e8c-b75c2ca2e0fe,Krishna,Machilipatnam
9f2fbcfc-88a6-4697-9cad-e3b56dcfc1e2,Krishna,Machilipatnam
1e402b79-3a1a-4922-8752-9e3793970149,Krishna,Machilipatnam
1a117b26-f543-4e2c-b4d7-783b32b222bc,Krishna,Machilipatnam
f8918292-59d1-4bae-bfff-1c00dbc55734,Krishna,Machilipatnam
5212f3f2-7dbb-49c0-860f-5a8a8354a469,Krishna,Machilipatnam
4d333091-8699-4c77-a42f-6638401c61fd,Krishna,Vuyyuru
a54d07fd-0687-49cd-8d86-c039a7faf049,Krishna,Machilipatnam
9f783340-2ba3-4acb-8c8c-c0d2a7941c09,Krishna,Vuyyuru
5aefc677-a635-4df1-ab10-ebe2b579bef4,Krishna,Vuyyuru
a7f5001f-a766-411b-ae72-44ef4f2b8734,Krishna,Machilipatnam
823869ad-3f51-4e78-926e-dacee08ebaf3,Krishna,Machilipatnam
78c209ef-6a50-4227-972d-abcb33de0ab4,Krishna,Machilipatnam
49d6bd1b-7459-4405-b748-5724b8855967,Krishna,Machilipatnam
e11827fd-d9a1-4034-9c10-06ad8b7cc8ce,Eluru,Nuzividu
21e289d0-358a-4638-bfb6-59e826bef85c,Eluru,Nuzividu
125feac4-1000-4b3a-9fbe-4bcfe23bddc8,Eluru,Nuzividu
c5240b11-0a62-4ee5-a6f9-60b227ee5559,Krishna,Vuyyuru
04666246-7d9b-4a39-b9ce-c2dcc89a5ccb,Eluru,Nuzividu
c739297a-51e7-471e-b10b-808c0d25559a,NTR,Tiruvuru
b781ec62-54f3-404d-ac37-57490e436b64,Eluru,Nuzividu
08ea51fe-ed5f-4558-9cbc-bddf4de52957,NTR,Tiruvuru
75a08cca-87ca-4ee5-92ac-4497ed794bb7,Eluru,Nuzividu
83356e11-f672-4403-bb66-b1d815943672,NTR,Tiruvuru
b1a9c2dc-b13b-4a17-a552-8150a436f1f6,Krishna,Vuyyuru
4ae3417a-0764-461a-9a89-ed2300828155,Krishna,Vuyyuru
19979769-41d5-4b7a-bc32-db70274140b2,NTR,Tiruvuru
c1c9778a-c13d-4439-9f1e-09ca67e38482,NTR,Tiruvuru
c3f76ab2-b89e-459a-bb75-3eb8708d9ffa,NTR,Tiruvuru
8998ffe9-5e58-4812-9aee-73813b43507b,Eluru,Nuzividu
1531b054-7236-4088-b9c3-66d66cca7490,Krishna,Gudivada
101e582d-7395-4d0f-940f-ec43347f364e,NTR,Tiruvuru
c6fff10c-33ed-4882-8a73-d61a25dc2bae,Krishna,Gudivada
1d595698-20a2-4cfa-8fbf-6c57e803bc6f,Eluru,Nuzividu
b49d1991-c2de-48eb-9512-63d83fff6e2f,Krishna,Gudivada
5517e1fa-83b6-4e5e-9343-9acf12b0583c,NTR,Tiruvuru
f03644a6-32d3-4dfc-817a-f29f3add0639,Eluru,Nuzividu
96b40bdc-edc3-44b8-adbe-1a71e64c24d7,Krishna,Gudivada
93501fc6-746a-4e08-bd9b-36f8872ec87b,Eluru,Nuzividu
c99ec79d-9ef7-4be9-8b42-71b86c5d5544,NTR,Tiruvuru
6df498bd-3ca6-406f-aae8-b1c51cd71bbf,NTR,Tiruvuru
b5318b4b-4748-4b55-adb7-d78c5e285f54,Krishna,Gudivada
a6b7a2f7-0a7d-4dd4-af83-abac2ff4b5ce,NTR,Tiruvuru
7cb71e89-0ace-4b3f-889d-9a9c4a1ed528,NTR,Tiruvuru
cea9e374-3a37-479d-86cb-751b7d7f796c,Eluru,Nuzividu
25f2908f-839e-4b10-b688-9b41905371e1,NTR,Tiruvuru
9335e6a4-4279-412e-a08b-b66bdf7783c6,NTR,Tiruvuru
1525949b-6eb7-400f-8a81-33c108cd3227,NTR,Tiruvuru
8e70bca4-6aed-40d4-bbc6-473bfc63cfa0,Eluru,Nuzividu
e43097c1-cc09-4ca6-aa40-952084305a83,Krishna,Vuyyuru
870b3a6f-137e-4805-877c-5df4a25d6716,NTR,Tiruvuru
d6938be6-da02-4e86-99e4-0f8ba1df2adf,Krishna,Gudivada
18d22f6c-32f3-4c7b-a527-69e5e98c80e7,Krishna,Vuyyuru
aafd27a3-5394-46d3-98e4-8ab7d514bdf4,Krishna,Vuyyuru
efca14c0-5ba6-4745-9041-7c2b598e2fd2,NTR,Tiruvuru
4c7160c0-b419-431e-976c-faeacccf2fa3,NTR,Tiruvuru
e8b6d3e1-f7bc-4659-9fbb-e05449d88ea6,Eluru,Nuzividu
81fcd5bb-44c6-4293-ad66-4287f4a9b998,Eluru,Nuzividu
a708cbdb-64e0-437c-930e-fac223b4458b,NTR,Tiruvuru
beebce6d-a4d5-4819-a95e-15a526d1982f,NTR,Tiruvuru
b6a33b5c-64f0-4dd3-81f0-6bcce2dcfdc2,NTR,Tiruvuru
d8732bd2-8981-4366-9c29-020f3400d2cf,Krishna,Vuyyuru
166ec093-518f-42a5-8075-517639b189c5,Krishna,Vuyyuru
586d5ad4-bbba-4626-9936-2fcc0cd5d171,Eluru,Eluru
b1698955-bb24-4d4b-87dc-af26946bb0ce,Eluru,Eluru
cb44b25e-5bab-4546-b974-3c4f4e110528,NTR,Tiruvuru
5f9841b6-cd4a-4f73-8709-f06acb31afae,Krishna,Gudivada
b84bbf3c-383b-4e7b-ad3b-fdc73df749c4,Eluru,Nuzividu
6bbd5fd2-5d5b-49f0-a883-d0002dfc6f42,Eluru,Nuzividu
8ce28a83-b3fa-4b2e-91e3-e70221674e5b,NTR,Tiruvuru
33b4c45f-ab9f-4f9e-89aa-43f232e85887,NTR,Tiruvuru
9cb8115e-5e4a-4fda-95d8-4288edcaa2e7,Krishna,Vuyyuru
ac3b05b3-3873-4d2f-ae47-ac5b34f5f9ce,Eluru,Nuzividu
a0852ee3-a585-409a-bd0f-1728e6a0aed7,Krishna,Gudivada
8fde804f-cf2b-4b1a-808c-e5bf825fca63,Eluru,Nuzividu
cb56c0e7-62c2-4231-8485-29ed25f6106b,Eluru,Nuzividu
f80f1419-f7f7-4287-a00e-028567629908,Eluru,Nuzividu
d7737ee9-0f2d-40d0-8dd0-219e6cfc0af1,NTR,Tiruvuru
d8243619-f915-4035-aa20-64b2b5584a0c,Eluru,Nuzividu
ce5c89d7-e0e7-444f-aff0-a0f9ff90b5d5,Eluru,Nuzividu
93d2f2a7-fbeb-433b-adf1-7275583a73ae,Krishna,Gudivada
7c68fb1c-0e10-469c-abb0-fad40af0efaf,NTR,Tiruvuru
23fe53b4-14f4-49bb-bfd2-aa82d79a5370,Eluru,Nuzividu
1e4c1dd2-f599-41ee-9506-d28c42ee8b54,NTR,Vijayawada
67747932-84db-4b6e-84b4-bc8f0cd5c146,NTR,Tiruvuru
080dc11e-de2d-47ac-835f-1f986c6fbbda,Eluru,Nuzividu
86b7a6f1-744f-416e-98c5-afe9a45967d7,Krishna,Vuyyuru
f582a5bc-cf59-4f7f-899b-006b9a7de777,Eluru,Nuzividu
1b9ed0bf-d4be-4a25-86b5-91367b2ff9c6,Krishna,Gudivada
70f9b628-5aea-4da8-9849-d518c5e59364,NTR,Tiruvuru
351e4625-859e-460e-abcb-7ba747874c29,Eluru,Nuzividu
4ed9980c-0547-4657-b37a-e9de86a34d9d,NTR,Tiruvuru
ebc59b55-a006-40a6-98ab-8ebc66e9cd0a,NTR,Tiruvuru
36dbb13a-a58c-4a57-b566-50e569890ac5,Eluru,Nuzividu
42b4f67c-97c5-4cc2-9c43-1281b7de4d23,Eluru,Nuzividu
25801b7e-d5a1-4fee-a826-e5ee306d935a,Eluru,Nuzividu
6c28d4b0-72c1-4893-81bc-9030d1caad5c,Krishna,Gudivada
b71163d0-6d15-4f98-9f0f-9a90adb28120,Krishna,Gudivada
bcded3f1-f1e8-4934-bec0-83a18cac9200,Eluru,Nuzividu
764839ee-ba33-4c8a-b047-a759e7d96417,Eluru,Nuzividu
b06ab127-c1b8-4890-bcf7-340eed6cb059,NTR,Tiruvuru
4bd5cf7a-0917-4b71-9988-69a6b509e793,Eluru,Nuzividu
b190fca1-5ae1-4542-b9d3-a7199b859a87,Krishna,Gudivada
266209e8-fea0-412d-8e47-d82ec8ac0d3e,Eluru,Nuzividu
f394eca8-7946-40a8-b133-4d2b392da3d4,Eluru,Nuzividu
52789518-22b5-4642-85fb-37eeade0185e,Krishna,Vuyyuru
145a7f15-c34e-4832-b17c-4068bb248c97,Krishna,Gudivada
a8ba5111-9997-45fe-9305-4909d481b01c,Eluru,Nuzividu
554bc246-942d-44b0-b314-4a8ed61d26e0,NTR,Tiruvuru
d1e9cb1c-a354-4df4-a13a-69a0a0c33822,Eluru,Nuzividu
2c637d33-f6cf-4959-9d66-8ca2c0214177,NTR,Tiruvuru
e7d4df66-a9e1-4159-911a-5176f4f2eb54,NTR,Vijayawada
7a46d1e4-bbf0-411e-bced-61f6d2c4f7e3,NTR,Nandigama
e3422750-ff7f-4a96-af2b-4709f454f3b0,NTR,Nandigama
b491d21c-9edf-43e0-b05b-3ed7f85a3d96,NTR,Nandigama
f3aa7763-b518-441f-aa0d-94230c8ff85e,NTR,Nandigama
841ba578-b3db-4e0f-bf17-6e319779c723,Krishna,Vuyyuru
7d76c4ed-b38d-4170-b04f-ae4a2bbc7b8e,NTR,Nandigama
6dc15f60-b55d-4abe-a5cf-2907b847a5d0,NTR,Vijayawada
83973a19-7389-4d48-835e-8251fedb592d,Krishna,Vuyyuru
aad31736-3c69-44d8-bdc0-97d13757c54f,NTR,Nandigama
b3be2ac8-70b4-4fb7-8065-37c7fcd0435b,NTR,Vijayawada
a166af1f-0008-42d9-9c4f-a5431ebe359e,NTR,Nandigama
91a07c61-fb13-4f47-a24d-f1af1383b8d9,NTR,Nandigama
e5b1bcf8-b359-44ba-a570-ff2725d1a9be,NTR,Vijayawada
08bdab31-b04d-40ca-bd1d-32f205ce123f,NTR,Nandigama
04949243-b1b8-4aed-8270-78e9a3a5d6ee,NTR,Nandigama
c5a69c12-c962-44da-8f7d-3272c8cedb4c,Krishna,Vuyyuru
c4259fb0-917c-4c98-99f5-e387a673d86a,NTR,Nandigama
77fbb946-889b-4ee4-ac5b-e97a73f2e580,NTR,Vijayawada
37b0cb0c-3f6d-42f6-b5c1-badd226d9575,NTR,Vijayawada
630aa6b0-b597-4e78-8705-7a0491c74f89,NTR,Vijayawada
05bf74d9-5271-4bb9-8652-71c10d400c4a,NTR,Vijayawada
f75d958d-3f5f-4ceb-816b-16100164d7c1,NTR,Vijayawada
0928b0bd-8739-4f47-9a38-71b0c0f5ec66,NTR,Vijayawada
f392c10b-5177-4618-9fa1-20797ebf2f9e,NTR,Vijayawada
f22f8bbb-8dca-44c8-b959-951d3643d520,NTR,Vijayawada
bdf2304e-9f0b-4893-8a01-3349e2dd3444,NTR,Vijayawada
8aede992-a804-4949-b09f-3cbc63215e86,NTR,Vijayawada
884e45fa-e6a5-43ec-9cba-8890812bfb36,NTR,Vijayawada
6477e6c7-81c2-4947-bd0f-923f14e054ac,NTR,Vijayawada
67b6e921-5404-4110-b384-4c4c90bb62f1,NTR,Vijayawada
05b9eea2-24db-4f2f-a4de-187ed11fdf94,NTR,Vijayawada
9ecf639b-2cae-4965-bceb-29f9cd1692fc,NTR,Nandigama
5e571941-c005-49df-a9d5-7755f4c8a00c,NTR,Nandigama
af2c1c9d-2522-4573-b924-44b959fe2e92,NTR,Vijayawada
775249a5-cb96-49cb-bec5-046eec4af067,NTR,Nandigama
fdf5ec0d-7791-4b08-9ee3-bb7937f25e46,NTR,Vijayawada
bfdfa4f3-b5cc-48be-98bd-526589590c87,NTR,Nandigama
a90b9f32-e36a-476d-aa2b-3c68f054b58d,Krishna,Vuyyuru
5ef815c0-b763-4699-b663-a4b56ac44a8e,NTR,Vijayawada
7f6d5088-6fa3-4ddd-84e5-4f13a60f038d,NTR,Vijayawada
6bf9a7a2-cd5d-4507-ada3-13fbfc8bfe4d,NTR,Vijayawada
7494a0b3-7a71-4990-bbe2-5fa62c5c34e1,NTR,Vijayawada
1171b86d-bdf1-4f10-9f46-633c8378bf78,NTR,Vijayawada
acee57ca-01a3-4f94-af5c-4b8541e979b5,NTR,Vijayawada
e9a0390e-c412-416f-ab24-ee0adbd0d354,NTR,Vijayawada
3437ef9d-a9e5-40b2-a18f-542ccc4cf283,NTR,Vijayawada
0725ffb9-6f9a-4ec7-9149-c94975371832,NTR,Vijayawada
5790b598-003f-4d1e-9508-f873dd9ec061,NTR,Vijayawada
3c51dda3-6b9d-4d0a-8555-7c113e756662,NTR,Vijayawada
344ef405-994b-402d-a9d7-28efb4a35b76,Krishna,Vuyyuru
2b21cecd-5b9e-44b4-b096-a71f40bb3d0f,NTR,Nandigama
75069883-d9bb-43d3-bb9f-fd66b444affd,NTR,Nandigama
0c3329a4-1b60-4210-b1c6-da9f294b6f46,NTR,Nandigama
3c4ec078-a076-4a50-b920-f4fc762e057c,NTR,Nandigama
6563e127-4629-4223-ab62-8db9c282c6d3,Krishna,Vuyyuru
1dc3439f-cfb5-482f-8213-4dc557098f55,NTR,Vijayawada
13641933-2dbe-4972-b6f0-ff45a88bf326,NTR,Nandigama
c53bcb91-b506-4f6f-9c69-71046158ec94,Krishna,Vuyyuru
760f749a-4ef8-4975-b427-ec842f78aeb7,Krishna,Vuyyuru
2f5184ee-1fb7-4248-8d22-25cada37e44f,Krishna,Vuyyuru
261f0aa1-deb5-444b-b8e4-fd81ffe8f3ee,NTR,Nandigama
76bfe6a8-5b43-4059-80fc-912433ca8461,NTR,Nandigama
bcd2da2a-f3f5-41af-b3ae-4c0cb601f4cd,NTR,Nandigama
13b9e688-6917-4668-a0c5-b42051fe2f04,NTR,Vijayawada
d8e0fa59-057c-412b-9d4b-f97a205e9fdb,NTR,Nandigama
1f89cc68-7e4c-4418-9add-8eeff140923e,NTR,Nandigama
f134f915-71e4-4562-9ce2-0612d254a762,NTR,Vijayawada
f9d04465-b093-47c3-bff8-93bec7da2dec,NTR,Nandigama
7da19336-7835-4d02-a5f1-6a6f3b284383,NTR,Nandigama
e20fd4ce-455d-43ad-8825-a1ed7de74e4b,NTR,Nandigama
3a68e0d5-7ecb-415a-99e9-4e7dde8a4533,NTR,Nandigama
864c87d3-1ffe-4efb-9d32-925c35ea0ee3,NTR,Nandigama
cf81850c-94d5-4cf9-a190-50687dc5a247,NTR,Nandigama
0cac9736-0e54-4f2b-a663-c8d83ac2db72,NTR,Vijayawada
6bd8935d-f138-446a-8967-764f954d2d3a,Krishna,Vuyyuru
bdb22c3a-6b64-4359-ab13-1c9f227d3876,NTR,Vijayawada
a5cd13df-5843-4dc9-8aee-b8b7cc12b242,Krishna,Vuyyuru
76b46331-49c2-4f9e-b084-d7ebc9b4b839,Krishna,Vuyyuru
3c626740-24b9-4760-8cb5-a1592eaabf31,NTR,Nandigama
93c01759-dc3f-4b9e-8501-5529ee2dfd5f,NTR,Nandigama
4452a4dd-c85d-40be-99fd-35eea811a243,NTR,Nandigama
e00cd8ad-2aaa-4084-befe-98a552d1728e,NTR,Vijayawada
af231517-d58b-4b4d-be48-a4c41cb91a04,NTR,Nandigama
59c939c5-b099-4779-9cef-df90ebfd4056,NTR,Vijayawada
dc5622d5-d1d7-4ff3-b59c-217de2ae68b6,NTR,Nandigama
1d49c5ef-0b6c-4d29-ba0b-5d754f87dc19,NTR,Nandigama
e93ddd3b-af19-4527-850b-3c697630fd53,NTR,Vijayawada
fead101b-4c82-483f-8af4-37bc83ab6f82,Krishna,Vuyyuru
e50c201d-a537-40ed-bcec-e95d6489b761,NTR,Nandigama
f6f93ce2-ebf5-425b-b706-be18d30ae327,Krishna,Vuyyuru
6d6dd3f3-abb6-4ab8-9ddd-c1de25f295b7,NTR,Nandigama
203cb96e-7512-44a2-94b8-14aaf637a94d,NTR,Vijayawada
b34c7048-03b6-4b38-980b-9f3e9697d921,NTR,Vijayawada
dfb65f7e-2537-4981-9ffa-37a41fe005f6,NTR,Vijayawada
51435d33-142a-40ed-94f8-a4f27e39488f,NTR,Vijayawada
b4382fb9-15ce-46df-afd6-fab39c0d15e3,NTR,Nandigama
b69e388e-c3f3-4381-8eff-97f3b9ca4b91,NTR,Vijayawada
f49e5244-3fd7-4e07-a436-a544c2e7e53e,NTR,Vijayawada
9cd800f5-5142-4777-a705-c36aec2f9638,NTR,Vijayawada
c459e5f5-5990-477c-9e3a-43cc8b955e17,NTR,Nandigama
3116172d-b40c-4623-934c-adc8ba98f5d5,NTR,Vijayawada
210f4750-b2bc-4fa8-9b7f-00c114a93dd1,NTR,Vijayawada
6a878547-128a-48cd-aecf-31e866b44485,NTR,Vijayawada
911d586f-f446-440f-9820-6ee564ac8d2e,NTR,Vijayawada
4cd26574-bac7-4fd4-8f73-26361550624e,NTR,Vijayawada
983b42d9-9638-4316-b820-2f64dc9f9211,NTR,Nandigama
599d7524-0761-44f0-9b74-911c194f5bf9,NTR,Vijayawada
fab37cc8-cb86-4eb8-b876-689b61b0e956,NTR,Vijayawada
0ad4cd34-d767-41aa-b466-f289ba6bb158,NTR,Tiruvuru
98c8baf6-68a2-4b74-a140-490e82539667,NTR,Vijayawada
6cdb6438-1874-4f41-8e4d-09c18b9f32f7,NTR,Vijayawada
2ee6fc46-5d18-4ab1-995a-8d5f894f1390,NTR,Vijayawada
95eef2b7-6cc1-4945-a130-0e3e6881c593,NTR,Vijayawada
7dd763b6-936c-49fb-81df-161df7540c6d,NTR,Vijayawada
8ef6c4fe-76e2-49d5-8519-cb1132ebff7b,NTR,Vijayawada
56db341b-c5bd-48b9-9980-19be2dc07b89,NTR,Nandigama
a131ade3-23c5-4a48-8a61-39697ff8c444,NTR,Nandigama
ead4a0f4-dd34-4830-b4b2-a6ca0f3c23f3,NTR,Vijayawada
26315f52-bfab-4e0a-8803-a2d8c650ff11,NTR,Nandigama
ce5bf185-2b23-4056-8194-ec7242bac7da,NTR,Nandigama
77e5d0e4-7a01-40ef-afb7-c10624a074c6,NTR,Nandigama
a263e661-c513-425d-9936-1826a0bda53a,NTR,Vijayawada
56048ba5-b0b7-4ee8-a045-a5b94a266141,NTR,Vijayawada
05329c04-7b69-432d-a711-ba605f943cb5,NTR,Nandigama
ed6fb5a5-e354-4114-9631-57feef9cb0d9,NTR,Nandigama
9b38a9e3-056a-4750-80c7-1833969262ff,Krishna,Vuyyuru
96468cb6-704f-4305-93e8-94ea944ec38f,NTR,Vijayawada
04714e0e-a176-44fc-a8e0-629fe7c397e6,Krishna,Vuyyuru
bf2d7b1c-395e-4e0c-8b03-18b80123ebb3,NTR,Nandigama
a0eecd82-f3a5-47e0-ae01-e90e0c96533d,Krishna,Gudivada
16b6038d-8124-4cd8-88f8-d024a612e727,NTR,Nandigama
b9ff7bda-e0ef-46c9-a8e9-1b4d3c3a835f,Krishna,Vuyyuru
b200b9f8-f8d1-4a90-8824-c7a7ffb1eefe,NTR,Nandigama
231c53eb-f0c1-45c7-a123-cb612b2fe9c9,NTR,Nandigama
6542682a-6d6f-455b-9197-00d192e85cd5,NTR,Nandigama
84ae0d4f-1f4c-4575-8742-b26da0b3f2ac,NTR,Nandigama
4f0e0ad1-5f57-48b9-af0a-1433216537a6,Krishna,Vuyyuru
4c2c638e-de6e-453d-ab99-6c0e7c51ed1b,Krishna,Vuyyuru
3a85266b-7e52-475c-9013-0709e0fb8a82,NTR,Nandigama
7663929c-b7d7-4b10-8cab-ab4d69e49abb,Krishna,Gudivada
6964e0dd-65d7-4c2f-a874-012af9ab2bae,Krishna,Vuyyuru
2ec6b8cb-627e-4753-9468-ed21539c9119,NTR,Nandigama
ff9dcca8-e07a-44c1-8f7f-f1368abbf378,Krishna,Vuyyuru
db262b8c-6081-4b4a-befc-a82ec4a7dd62,NTR,Nandigama
5582ffa0-ee18-48cf-872e-4857585d1246,NTR,Nandigama
6a01c44d-2d61-40ec-8113-b1643d0a92e7,NTR,Nandigama
b077ad71-d036-488f-a48b-e156c53d081f,NTR,Nandigama
9fe0b87c-3941-47c8-9f35-12e8b767a0d3,NTR,Tiruvuru
f5166a67-632d-43f5-aaa5-39d85d50b52a,NTR,Nandigama
d8a2e0b8-dab4-40d5-a618-570932935e82,Krishna,Vuyyuru
278fcd9a-18de-4fd6-97d0-5b89e8a6a4ca,NTR,Nandigama
da87d02a-cca8-43e0-97fa-4e724095a597,NTR,Nandigama
b03fdb67-7d98-4179-805b-b4b41cf27da5,Krishna,Vuyyuru
1f489868-51e6-42e9-866b-97048cbb67dc,NTR,Nandigama
f56389ef-d7da-4f74-9bde-9462773afa8e,NTR,Nandigama
3f79291e-464f-420e-8e1c-e81ab588529a,NTR,Vijayawada
fda5e029-15d0-4cce-a990-dd4a9151654b,NTR,Nandigama
fb8a7b68-c750-4407-b67d-a21450e37dd5,NTR,Nandigama
e7322d28-9f5a-4bc0-8b8c-b94badf5c580,NTR,Nandigama
577928fd-c71c-4cf1-841e-78a4e19ea82e,NTR,Nandigama
758e422e-c64b-4096-8f2f-b89f9c37d32f,Anakapalli,Anakapalli
2fc8e2e1-7326-4912-87e5-ac59d5036d62,Anakapalli,Anakapalli
18568a0f-5605-4a88-9f35-1263439d99b2,Anakapalli,Anakapalli
99383ea3-12ff-4e9c-8e48-abe3f09a4f0d,Anakapalli,Anakapalli
f2e56aff-a719-40c7-858e-3c62c21ea6ac,Anakapalli,Anakapalli
947fe540-74fb-4ebd-a6ab-1967db4c84f4,Anakapalli,Anakapalli
ab6dace6-d6c3-41b2-adcc-9a2134c9d747,Anakapalli,Anakapalli
e827fba4-e72c-46ab-a8db-871645e2e3bd,Anakapalli,Anakapalli
2d46428c-4345-47f0-aaa5-ad94181b65fa,Anakapalli,Anakapalli
e3c5b84b-2cd4-46d0-8bd5-a7c9abbe428b,Anakapalli,Anakapalli
84455082-26fb-4b7f-b937-462ad15def26,Anakapalli,Anakapalli
3fa75dab-77c1-43c9-8704-f2b5df6b2baf,Anakapalli,Anakapalli
0838461a-4e08-4000-84f7-61c600246f88,Anakapalli,Anakapalli
55e64ae4-16ea-49c8-b3dc-ac9df33ca296,Anakapalli,Anakapalli
b2676f13-28e9-4284-bb27-b64a3f5513c4,Anakapalli,Anakapalli
2ccb7585-6d24-4d97-ace0-e238c20f86b9,Anakapalli,Anakapalli
962943eb-c0a3-41f1-9cbe-42c11fb36897,Anakapalli,Anakapalli
e4a0b2b6-fd22-4d27-9231-daf4724a7cce,Anakapalli,Anakapalli
514d4f0e-3cd5-43ac-9881-8f1d54cc1111,Anakapalli,Anakapalli
90a4a2d5-19f4-4c56-a04f-9f04c25c0ad1,Anakapalli,Anakapalli
e8eba12d-d0f3-4744-8995-64ed453199ef,Anakapalli,Anakapalli
1da02265-c5e3-4a6c-bd35-b95c7b73329f,Anakapalli,Anakapalli
45f5d1b2-3f4c-41a0-bd9a-a029d2435332,Anakapalli,Anakapalli
a83b77c0-f3ba-4454-b705-542280a319d4,Anakapalli,Anakapalli
929bfe25-f8e3-478f-b99d-cff5f3303165,Anakapalli,Anakapalli
039b50df-96b2-4d32-a36d-1deeb0a85d7f,Anakapalli,Anakapalli
ffc64cce-8d27-4aab-b6b4-e8252e8bc156,Anakapalli,Anakapalli
773cfe30-7ebc-44b3-a34d-331bc6311aec,Anakapalli,Anakapalli
c4f07262-2a7f-47da-a451-2a9ca4f0d53c,Anakapalli,Anakapalli
1e5e8458-ce7a-4db7-9cbf-4b04be6254bc,Anakapalli,Anakapalli
a13e730e-94cc-4e43-93d5-ce137fd7039d,Anakapalli,Anakapalli
211350b4-d108-4705-a25e-ea51ed6411d9,Anakapalli,Anakapalli
a2d09acc-c7c9-41d2-b318-03baa3296334,Anakapalli,Anakapalli
0d95cfe7-7a6b-4990-ac21-02cf33a5967f,Anakapalli,Anakapalli
4360469e-7cdc-4eb5-85de-c2539d1d9947,Anakapalli,Anakapalli
39d89f7c-5e38-4c8c-8374-27aa98bf6312,Anakapalli,Anakapalli
b2cc5a16-d666-44b7-8f12-caec7e2f15a0,Anakapalli,Anakapalli
dada0852-6faa-443c-93fc-a66bf2ef906f,Anakapalli,Anakapalli
f73ed2bf-2272-4ccb-9187-c096d139021d,Anakapalli,Narsipatnam
52174e50-0f41-4395-a960-37a176542409,Anakapalli,Narsipatnam
24e3f6f1-0c13-406a-984d-4d172740f64b,Anakapalli,Anakapalli
f322960f-759b-480c-ab04-88fa035ae2bf,Anakapalli,Anakapalli
8f9b4a69-459c-4611-af16-786b018ce28c,Anakapalli,Narsipatnam
9d0d733f-d035-4cde-9562-c05fdb693bec,Anakapalli,Anakapalli
f87dd05e-1d65-4aa3-8dfc-8906bec288b9,Anakapalli,Anakapalli
338c85b9-aad3-4c34-aa54-a3cf8d064c00,Anakapalli,Anakapalli
7814288a-7695-4587-b122-db4163b1be33,Anakapalli,Anakapalli
8b758b99-4782-49ef-bf60-3b1df8e15b3a,Anakapalli,Anakapalli
40eac831-2a98-4a3f-81e8-4b10101b7888,Anakapalli,Anakapalli
f26a8ab4-b7a0-48a3-8ef0-4e1b542043db,Anakapalli,Anakapalli
76e9084e-8ba2-471d-b28e-87ed33c1c22d,Anakapalli,Anakapalli
cfc1a33e-d72c-464c-a9cd-746fd7c28001,Anakapalli,Anakapalli
c3263534-7c08-4ceb-bb44-b21e8c981ec3,Anakapalli,Anakapalli
c6ad7f58-f2b6-43dd-8046-1f45e34b42a6,Anakapalli,Anakapalli
7b62eeda-c647-4e7e-89dc-26b23c625b38,Anakapalli,Anakapalli
7b4a9efe-c55e-431a-bceb-c11370e980ee,Anakapalli,Anakapalli
146d6117-acbd-4a6c-887b-fb7655c138d1,Anakapalli,Anakapalli
75fcae00-33c7-498a-9c0a-14fe9532c502,Anakapalli,Anakapalli
3fd26718-ea95-499f-a9dc-3712a1037896,Anakapalli,Narsipatnam
b3f3a0e4-211d-4bdb-9e3e-1263d2ab91ef,Anakapalli,Anakapalli
29033049-73b8-4f40-bbf2-3209967e0800,Anakapalli,Anakapalli
4db9299f-5fed-43c4-ae9e-affded97c58b,Visakhapatnam,GVMC
29b59234-2d29-4076-a1f4-38c67bece6de,Visakhapatnam,GVMC
491bffd1-a342-4ffd-9821-c3d022c0498f,Visakhapatnam,GVMC
58c0b291-8d50-43ad-ad4c-2e89f547a22b,Visakhapatnam,GVMC
dbb78265-18c1-4749-952c-b6c536ef0a3f,Visakhapatnam,GVMC
2b459cd0-7be1-4a63-b777-763b1b48e5a0,Visakhapatnam,GVMC
291dfd9c-a0b7-4b26-8191-4537c89a4b31,Visakhapatnam,GVMC
bf5ad2b3-a415-4c54-b76e-492a21c66298,Visakhapatnam,GVMC
55223096-00f0-42d7-884e-5aece03f8f9d,Visakhapatnam,GVMC
c912ce00-7b34-41cd-9833-182aebae6f84,Visakhapatnam,GVMC
4c46e071-b562-4c70-9100-f8057862b8a1,Visakhapatnam,GVMC
c1cd503d-9219-4cbb-a38b-620a53d12f40,Visakhapatnam,GVMC
350a4222-f45c-4287-bd38-6425461c3831,Visakhapatnam,GVMC
7f6967c9-f650-45ad-a517-e85197b2c075,Visakhapatnam,GVMC
d9dde3fe-d4f5-4353-b6dc-4e7406340a81,Visakhapatnam,GVMC
af36980c-9ea2-415d-8b2c-58dda5e05062,Visakhapatnam,GVMC
c93f28aa-9736-4428-a97a-9e2b255ae519,Visakhapatnam,GVMC
4c4a2f0c-d075-45d4-a083-6cd07de69258,Visakhapatnam,GVMC
97d772c5-19b6-4b6a-a3f9-b38771aba131,Visakhapatnam,GVMC
2e5002b4-d6cb-4192-91d1-4c4586ecb78d,Visakhapatnam,GVMC
36aa4005-b2d7-4d47-9543-d9c89f8bd603,Visakhapatnam,GVMC
2db5321e-972f-4783-8d57-662e129fac7e,Visakhapatnam,GVMC
caf915ee-1f6b-4155-b8c7-01f3ab51805b,Visakhapatnam,GVMC
c84e3b33-20f2-48a0-94de-7d70983d522e,Visakhapatnam,GVMC
90ac2a7e-a0a4-48f5-a740-5817c9c1fe72,Visakhapatnam,GVMC
3206eebe-5d25-4b03-808c-4b0edbf3c290,Visakhapatnam,GVMC
3590070e-a594-44a8-af77-1f3cb9d1cc79,Visakhapatnam,GVMC
d06a913d-75e9-4dc1-9cb7-e4fb7301fac1,Visakhapatnam,GVMC
66925cc0-7ad3-470c-abcb-d26ed7d483e1,Visakhapatnam,GVMC
5802e287-20c4-4e60-8e70-7c817ebac044,Visakhapatnam,GVMC
c081289f-3eef-4204-9e82-b93dc1115581,Visakhapatnam,GVMC
e7960c0c-b735-4d20-9ef7-7515dc825fa9,Visakhapatnam,GVMC
c99d5a52-9e4e-4ce2-bd5d-2dc33c7cf21d,Visakhapatnam,GVMC
065c42cb-9016-43b7-a93b-aaf66b0b169d,Visakhapatnam,GVMC
ef6a4c20-506b-48d0-998b-0de3f817bd5e,Visakhapatnam,GVMC
0e397d9a-5a76-4d5e-9520-6a6bdb096ce3,Visakhapatnam,GVMC
31a4bb69-5685-409b-b3dc-bc48976c2f53,Visakhapatnam,GVMC
b2b59a5b-48a4-4847-8e93-06e391beaad1,Visakhapatnam,GVMC
85819fc8-a99e-4c55-85b6-c5aaf9b8c64a,Visakhapatnam,GVMC
4bcb7503-a030-436b-93c1-4b6e8c1acc99,Visakhapatnam,GVMC
4afdb5af-7453-4f3a-8104-f712b0e8da6c,Visakhapatnam,GVMC
c3c55ad1-72b8-4c0a-91da-809af0459c10,Visakhapatnam,GVMC
a81d9cf8-f5f2-4875-8ad5-7ddb9d5a03e5,Visakhapatnam,GVMC
6fa3f10f-3abd-4fee-8ac3-3893562de279,Visakhapatnam,GVMC
3b873b76-4189-4adb-b4a0-841bc4f2844c,Visakhapatnam,GVMC
e732b393-2ea0-442f-915b-5532d43ac864,Visakhapatnam,GVMC
c432826c-ab0e-4eda-8c46-f4c6ede6a791,Visakhapatnam,GVMC
ff86d9bf-c247-4bb6-9d1d-ad1a1c3f4918,Visakhapatnam,GVMC
8321a460-a14a-4104-b16c-b87602128372,Visakhapatnam,GVMC
4c6c1452-25be-499b-bf82-5e67c4cab58e,Visakhapatnam,GVMC
10ca1e05-074d-4d3f-9aae-ace61b246c6b,Visakhapatnam,GVMC
c3bc7935-303b-43b6-8207-861d7182e7ce,Visakhapatnam,GVMC
8501669f-4a51-4c82-93c1-a4b2ea8bb750,Visakhapatnam,GVMC
a4a0950b-a02a-457e-af8b-a5ccf84ce6d3,Visakhapatnam,GVMC
15590bb0-438d-4f7b-aa1f-2397c05b6306,Visakhapatnam,GVMC
c7071cbe-d8d6-4007-b324-c7ef57cf6eb2,Visakhapatnam,GVMC
f787351b-fb34-4509-8326-5ee666e57388,Visakhapatnam,GVMC
5d7cf79b-cd00-4e4b-bf2e-a48d2d5eed31,Visakhapatnam,GVMC
21494843-8f54-40ff-a12f-ea960d4395a5,Visakhapatnam,GVMC
6136a72a-e389-44ff-bb0b-9c0fcb2ed930,Visakhapatnam,GVMC
3d5931c7-a405-44e1-b4c4-f262dfa52b06,Visakhapatnam,GVMC
7bc0f69c-8f2c-463f-9b8a-7a7fe692d798,Visakhapatnam,GVMC
1234d460-3233-4e9c-82f7-e55fc404be87,Visakhapatnam,GVMC
c9b59293-7abe-47c8-92f7-3471b421c529,Visakhapatnam,GVMC
7c9cefb3-0298-4398-9608-b8fa6f6d45b1,Visakhapatnam,GVMC
b0a0f356-d561-43e0-91db-a6c99e08416a,Visakhapatnam,GVMC
26606d69-0e41-4cc8-8ae3-a84ceb79c420,Visakhapatnam,GVMC
300a9ae7-84fc-4ad2-b6f1-38131a188b80,Visakhapatnam,GVMC
e03e052c-d18e-4f08-bb0c-51f0141af2dd,Visakhapatnam,GVMC
e13d51bb-e0d4-46c5-a05a-e4bcbbaec551,Visakhapatnam,GVMC
1ec430c1-7770-4d44-aab9-54314a57b3fa,Anakapalli,Narsipatnam
fda4e681-6b3e-4102-b2fa-693727e0d48d,Anakapalli,Narsipatnam
c86d33cd-7a40-4506-9c2f-edd11c077a9c,Anakapalli,Narsipatnam
3950c335-0cea-4760-b3f9-8e1e87a4f2d9,Anakapalli,Narsipatnam
e6552ff6-bfab-4fb9-abbb-646e7bc276f1,Anakapalli,Narsipatnam
2249228c-3106-4940-b0d4-d31d1c6e09ef,Anakapalli,Narsipatnam
e10be301-2845-4357-957e-b193a27a71af,Anakapalli,Narsipatnam
fd741889-e889-49df-9abc-6c6f10bd9c6b,Anakapalli,Narsipatnam
8eb3fd79-5734-410e-9cea-bcd7b6f0ecc2,Anakapalli,Narsipatnam
49b79889-647e-431a-89c6-0c98c8a64724,Anakapalli,Narsipatnam
0342c4fc-6b8a-4e85-bcd4-68304a07ab7e,Anakapalli,Narsipatnam
2a51d7eb-bd68-46b6-99e3-e77130ad5bd7,Anakapalli,Narsipatnam
35334860-1fc2-40b6-8e00-9e77f8c9c2c5,Anakapalli,Narsipatnam
c61577d0-fb38-41b1-a74d-419f4b0617e5,Anakapalli,Narsipatnam
b409b980-2c21-4ea0-9625-37d50a9a8c67,Anakapalli,Narsipatnam
ccf2bb0c-b944-4588-93bb-3290b3ee29ce,Anakapalli,Narsipatnam
39306d4d-53b7-40e2-b8c3-37badbce5a2e,Anakapalli,Narsipatnam
bcbf7374-3913-4ef0-bfcd-db09fa0d4303,Anakapalli,Narsipatnam
a1642a03-11b6-40d3-be57-9879ab5aa076,Anakapalli,Narsipatnam
2b5108d1-9731-4196-8b31-207c1dcfb58c,Anakapalli,Narsipatnam
b6cf1af5-1cc5-4ead-afee-3005121fe74e,Anakapalli,Narsipatnam
01f65c1a-3f8f-4c97-aeea-eb6679e585b2,Anakapalli,Narsipatnam
a160edf4-cdc9-4d41-8c9b-f281e377d4e1,Anakapalli,Narsipatnam
61a2e983-6f0d-4c31-a5d2-37464dc9667d,Anakapalli,Narsipatnam
0debcdd6-6158-4340-a2d7-19016cf3f782,Anakapalli,Narsipatnam
823cad63-6925-4ba0-800b-454ebaed9202,Anakapalli,Narsipatnam
05d7f070-1e0e-42ee-b14d-e8d1b267a502,Anakapalli,Narsipatnam
4dd80079-c1dd-4036-9a07-d622f470e5fd,Anakapalli,Narsipatnam
361fb210-0869-4e1e-9b90-764160f8db3a,Anakapalli,Narsipatnam
d079ace8-1b2e-472c-b9f0-11526c3e365f,Alluri Sitharama Raju,Paderu
620302d5-df61-4f5a-b088-41f3fb9e4ea2,Alluri Sitharama Raju,Paderu
ace6d601-0335-46fa-816d-3de551327456,Alluri Sitharama Raju,Paderu
6d8c8782-2479-4233-b352-67fbf649cf4f,Alluri Sitharama Raju,Paderu
1e3995f6-b383-44b8-bf99-02c97a31c9d8,Alluri Sitharama Raju,Paderu
3ca893c1-0b17-4800-bafa-181d880762d6,Alluri Sitharama Raju,Paderu
b9e136e5-3492-4da2-9bbf-d17f2d5e9891,Alluri Sitharama Raju,Paderu
35d75a9f-af35-4d0c-b521-8f806dd53785,Alluri Sitharama Raju,Paderu
e39fd4db-13fe-475e-8856-11549c0bca7d,Alluri Sitharama Raju,Paderu
26e7d06e-286c-413f-bf28-90c3631d86f1,Alluri Sitharama Raju,Paderu
b2df471e-11be-4f9b-a712-5f0e32de3244,Alluri Sitharama Raju,Paderu
1f5c6928-9dfb-4b3c-b205-975e0ecfd7ae,Alluri Sitharama Raju,Paderu
fdaad39b-d47d-4b63-8cf1-18abcee9b525,Alluri Sitharama Raju,Paderu
6d874c3b-9664-4e54-b0dd-35c73222ef82,Alluri Sitharama Raju,Paderu
505fa981-4087-4b9f-97a2-3a3d0d7f2639,Alluri Sitharama Raju,Paderu
62b7c60d-7ef3-4161-9ce3-0efa7a17c5e6,Alluri Sitharama Raju,Paderu
153ddd32-aca1-46b3-808d-22d76150ed38,Alluri Sitharama Raju,Paderu
105b30c7-54bb-43f4-88b0-a3e191cfd719,Alluri Sitharama Raju,Paderu
f82ff16b-222a-4f80-858c-22ab947855b4,Alluri Sitharama Raju,Paderu
3e13ee21-ea4a-4b5f-9072-ce6f2056b12b,Alluri Sitharama Raju,Paderu
fe0ea50e-0391-4813-8c3e-b5a720f0ce27,Alluri Sitharama Raju,Paderu
59e02ee4-9e37-4557-abb8-1072f0dedb3a,Alluri Sitharama Raju,Paderu
0080a48d-22bf-4cd5-9e30-f55b93ea91bf,Alluri Sitharama Raju,Paderu
922c270d-847f-4ecc-9a44-4651d806e5aa,Alluri Sitharama Raju,Paderu
4fb0fd90-b990-453b-8ee2-d5b27970e2db,Alluri Sitharama Raju,Paderu
090debd9-aa63-4c2c-b788-9ab4e8d1b0f8,Alluri Sitharama Raju,Paderu
6f00b3b1-6472-4362-a591-5f6436a72acf,Alluri Sitharama Raju,Paderu
f7453b43-1aaa-40f8-83f6-bef7bdfedc2e,Alluri Sitharama Raju,Paderu
1bac3e30-a8d8-4fbd-827c-5d6d991dc517,Alluri Sitharama Raju,Paderu
6f200f2f-4204-45ef-aacf-7a478435d633,Alluri Sitharama Raju,Paderu
a6b5792c-49de-440d-acdb-db9ef23d4157,Alluri Sitharama Raju,Paderu
069436e2-cba6-4f9d-b9ef-93e9eb2909ba,Alluri Sitharama Raju,Paderu
59479861-12d4-4b93-b760-17c9100a7b41,Alluri Sitharama Raju,Paderu
e93fe941-5f72-4d39-bafe-0293d05297ed,Alluri Sitharama Raju,Paderu
d02307c1-c8c1-4a74-92dc-aa13ce5dd7ed,Alluri Sitharama Raju,Paderu
03541c81-2db2-430c-99b8-37f7fd631b54,Visakhapatnam,Bheemunipatnam
0acdb43e-edbe-4445-81b3-c1b3034283bf,Visakhapatnam,Bheemunipatnam
ea592f30-c97e-4ce9-9f97-1167048b0fe2,Visakhapatnam,Bheemunipatnam
675040ba-0c05-4dcf-97ff-a95f3783626a,Visakhapatnam,Bheemunipatnam
3775fb9c-905f-41f2-8eed-aac2fc9c87ee,Visakhapatnam,Visakhapatnam
e2ddd560-c08d-49fc-aaa0-dea2a35040fa,Visakhapatnam,Visakhapatnam
35a0527c-15ed-434a-bd29-039674c029a9,Visakhapatnam,Visakhapatnam
33e54b88-34aa-4f76-bb58-2aeed6828bfd,Visakhapatnam,Visakhapatnam
f74c3b63-0ffb-4327-9df0-f7c4896c22a6,Visakhapatnam,Visakhapatnam
4241b412-527a-4673-bcbe-bfd7d43f8086,Visakhapatnam,Visakhapatnam
7ad552af-4514-41a8-9f44-bcc8d88d21ab,Visakhapatnam,Bheemunipatnam
001c6f38-1a80-42a9-ae2b-3d08fe2de253,Visakhapatnam,Bheemunipatnam
dae884f9-60bf-4825-b68f-987abe72aee9,Visakhapatnam,Bheemunipatnam
8584f341-6e48-4502-b6a0-dc06978df299,Visakhapatnam,Bheemunipatnam
67a1add4-6449-41db-b0fa-9ef9b7c96d89,Visakhapatnam,Bheemunipatnam
94eddb8e-61d8-4661-a558-d55c6c2e21e7,Visakhapatnam,Bheemunipatnam
6851e7b7-87ce-417d-90f5-1ef4e66f89e4,Visakhapatnam,Bheemunipatnam
2e6986a7-6852-491f-a1cf-659ee5517622,Visakhapatnam,Bheemunipatnam
1b413380-3c97-4bfd-8061-f635916cef63,Visakhapatnam,Bheemunipatnam
c13c617e-1abe-4429-8c37-34540ff3ccee,Visakhapatnam,Bheemunipatnam
d5f4ffa2-5682-43ce-8c80-576b7b86feea,Visakhapatnam,Bheemunipatnam
a25d951a-e429-4254-b61c-142cacee7a9c,Visakhapatnam,Visakhapatnam
52e48fd2-0766-4dd4-9734-60f1690f4cae,Visakhapatnam,Visakhapatnam
2b11ee71-403a-4936-89bd-dced39689d17,Visakhapatnam,Visakhapatnam
b6f0f3e3-49de-4cbd-85a4-20cda34a546e,Visakhapatnam,Visakhapatnam
516768bd-a18d-4296-a36b-512cf9d46c93,Visakhapatnam,Visakhapatnam
96fd181f-b616-4bc5-8d1b-2818a1262323,Visakhapatnam,Visakhapatnam
2cd3377b-eb86-4f46-b4a0-ff2ac2f80948,Visakhapatnam,Visakhapatnam
a34481e9-b303-4850-95fb-cebfdcc4bbc2,Visakhapatnam,Visakhapatnam
b4d51344-bffb-4105-a534-7b2695331403,Visakhapatnam,Visakhapatnam
db0ef8a8-595c-47c2-8e4b-c712780d8b9b,Visakhapatnam,Visakhapatnam
b6a73054-4a00-475f-aa71-4d3bdf0b06b7,Visakhapatnam,Visakhapatnam
c4d8f43c-2424-4c0f-9a30-e11cd082c306,Visakhapatnam,Bheemunipatnam
59b1beb3-9f24-41f0-a990-cd8a59c97df1,Visakhapatnam,Bheemunipatnam
d020b3cc-6a70-4083-8f62-0f9b1839515d,Visakhapatnam,Visakhapatnam
99b998e4-e19d-41a4-b658-4a075d58b73d,Visakhapatnam,Visakhapatnam
8baa4169-1319-4986-8a8d-a7d1b60f1dd5,Visakhapatnam,Visakhapatnam
68b29f84-fba4-464f-a01f-5bd4f95c7e8a,Visakhapatnam,Bheemunipatnam
381dbb88-9c4f-4cd4-9776-7a7c6c55229e,Visakhapatnam,Visakhapatnam
9645e4b3-d956-4914-a3a3-dcc35e927cac,Visakhapatnam,Bheemunipatnam
9faa8d72-16e4-447f-8a34-1e6a0eed7590,Visakhapatnam,Visakhapatnam
f9a7d054-2e6a-418c-89af-3cd3c3109086,Visakhapatnam,Visakhapatnam
24fc6554-8dd6-44d3-9b40-997169350419,Visakhapatnam,Bheemunipatnam
ceb32575-dbab-42cd-a64d-980c2b4cf68d,Visakhapatnam,Bheemunipatnam
0871ad7c-4fee-4335-918e-b21343509784,Visakhapatnam,Visakhapatnam
3af2f847-8d5d-4dfe-8a88-d66e1e16e76b,Visakhapatnam,Bheemunipatnam
5800eada-ff50-4d70-9b3f-f5ab462fd6b6,Visakhapatnam,Bheemunipatnam
66495076-bfc6-4490-8bf4-608fc0060322,Visakhapatnam,Bheemunipatnam
c94b17b2-2291-4d06-a617-ba5b7bd1e8b8,Visakhapatnam,Bheemunipatnam
c6de536a-1367-4041-8596-0e0a4985fe20,Visakhapatnam,Bheemunipatnam
cb2bb478-34a4-48fc-8ec4-a7d3c8239c91,Visakhapatnam,Bheemunipatnam
2088718b-f82c-4ac5-8355-e8a2930217ee,Visakhapatnam,Visakhapatnam
52b3ec26-bd02-4170-b6ca-7311104f076a,Visakhapatnam,Bheemunipatnam
eb89954a-9ba0-4dd7-9f38-e688c4a4ca9e,Visakhapatnam,Bheemunipatnam
25e98e60-667d-47ce-8c1f-452d0ca45a73,Visakhapatnam,Bheemunipatnam
455bb62f-4414-43cc-be8d-df794d0486bb,Visakhapatnam,Bheemunipatnam
ede97605-560a-46be-ad79-698355efc047,Visakhapatnam,Bheemunipatnam
eba1a4b2-5465-4f8d-aae6-683066cb4f3d,Visakhapatnam,Bheemunipatnam
ff6bba80-3a2e-458a-ab6c-3f889aa435f6,Visakhapatnam,Bheemunipatnam
ee112d0f-15ac-445c-af0b-8088f0da890a,Visakhapatnam,Visakhapatnam
0b35bf79-5c08-4618-8846-f2882db39027,Visakhapatnam,Bheemunipatnam
2d1c2f12-1685-42b1-8b7e-f48c16f66728,Visakhapatnam,Bheemunipatnam
04d00de6-da59-4fd5-9e29-c425e1e94791,Visakhapatnam,Bheemunipatnam
2b4cb9aa-2a86-4a3a-a29b-fcec9b842d8d,Visakhapatnam,Visakhapatnam
2388e488-0d79-4f2a-b077-065a37e3e47b,Visakhapatnam,Visakhapatnam
3bb2e3d5-76fb-408e-b973-71e084df43b1,Visakhapatnam,Bheemunipatnam
0e360d4b-47d4-4f78-82d4-5021f0f24119,Visakhapatnam,Bheemunipatnam
2deff656-8249-4ddf-a014-f29260dadede,Visakhapatnam,Bheemunipatnam
26a8c875-dccc-4823-8240-6675b5e4aab1,Visakhapatnam,Bheemunipatnam
b6bb24ba-d112-429c-9f4a-81bdf3286499,Visakhapatnam,Visakhapatnam
aa1dfa63-0153-4c18-9707-3d036aec301f,Visakhapatnam,Visakhapatnam
73711ee2-a2da-41b8-b792-008dbca8c8da,Visakhapatnam,Visakhapatnam
a5388f3c-47cf-45e6-aef0-b310bfa0e269,Visakhapatnam,Visakhapatnam
6a65411c-e230-437b-93de-b2f276807ba2,Visakhapatnam,Visakhapatnam
e6618c52-cd02-4e2c-8224-88d6b689fd11,Visakhapatnam,Visakhapatnam
f01a6a48-fd48-4986-8cde-aa22d5b5ca0f,Visakhapatnam,Visakhapatnam
fa0e03fc-237c-460d-9ac0-d8d4c65ef4e3,Visakhapatnam,Visakhapatnam
0f167380-ad21-4247-85ba-cc6e574a5b67,Visakhapatnam,Visakhapatnam
32ffab12-3f48-4ea4-92e1-6a0a01c85a48,Visakhapatnam,Visakhapatnam