Organizations,States,Districts,Blocks,Villages/Cities,Facility names,Patient Last Names,Female First Names,Male First Names,Trans First Names,Patient street
Summit Heart Foundation,Keystone,Acacia County,Calla Lily Slope,Basil Crossing,Named after villages,Apricot,Abaynesh,Abhay,Aarya,Sesame Street
MHCI,Granite State,Alder County,Aster Heights,Basil Town,e.g. PHC Chicory Town,Avocado,Abeba,Abhijit,Aatiq,Baker Street
Everest Hospital Group,Basalt,Crab Apple County,Amaryllis Park,Basil Village,,Cantaloupe,Abebawork,Abhinav,Akancha,Coronation Street
Mountain Health Organization,Carbonate State,Ash ,Begonia Heights,Bay Leaf Village,,Cranberry,Abebaye,Abhishek,Anuprit,Gasoline Alley
Himalaya Hypertension Control Initiative,Quartzite Territory,Aspen County,Carnation Riverside,Caraway,,Elderberry,Abebech,Adarsh,Ashvini,Yellow Brick Rd
Foothills Health Organization,Obsidian Province,Beechshire,Chrysanthemum,Cayenne Township,,Gooseberry,Abenet,Adesh,Bakul,Abbey Road
Ridge Hospitals,Chalk State,Blackthorn,Crocus Heights,Chervil City,,Fig,Aberash,Adhar,Baldeep,La Rambla
Hilltop State Hospital Foundation,Sandstone State,Buckthorn County,Daffodil Gardens,Chervil Heights,,Lemon,Abezu,Adi,Bhavya,Broadway
PEAK,Tufa State,Cherry County,Dahlia Gardens,Chicory Town,,Mandarin,Abigail,Aditya,Chandan,Champs-Élysées
North Ridge Health,Carbon State,Chestnutshirecounty,Daisy Park,Chilitown,,Mangosteen,Abigail,Ajay,Chandramohan,Royal Mile
,Shale State,Clematis,Gardenia Forest,Chive City,,Nectarine,Abigia,Ajish,Charu,MG Road
,Dolomite Territory,Dog Rose County,Geranium Heights,Chive Falls,,Papaya,Abiot,Ajit,Dalbir,Orchard Road
,Anthracite State,Dogwood County,Heather Valley,Cinammon Town,,Pomegranate,Adanech,Akasha,Deepal,Hollywood Boulevard
,North Slate,Elder,Hibiscus Valley,Clove City,,Prune-Pitaya,Addis,Akhil,Devarshee,Hazratganj
,South Slate,Elmdale,Hyacinth Heights,Coriander Village,,Rhubarb,Adey,Akshat,Devya,Park Ave
,Marble State,Fir County,Iris,Cuminville,,Tangerine,Aditi,Amarjit,Druva,Colaba Causeway
,Flint State,Gorse Gulch,Jasmine Valley,Dill,,Tamarind,Aida,Ambika,Ekampreet,Connaught Place
,Alabaster Province,Grey Poplarshire,Daffodil Heights,Elderflower-by-the-sea,,Açaí,Aishwarya,Amit,Geet,Pennsylvania Ave
,Beryl State,Hawthorn East,Lavender Gardens,Fennel Town,,Boysenberry,Akansha,Ammar,Girisha,Privet Drive
,Bronze State,Hawthorn West,Lilac Valley,Fenugreek Village,,Coco De Mer,Aklil,Amrik,Gopi,Mulholland Drive
,Cinnabar Islands,Hazelshire,Lily Valley,Galangal East,,Huckleberry,Aksum,Amrutlal,Gulzar,Elm Street
,West Chromium,Holly County,Magnolia Canyon,Galangal West,,Yuzu,Alem,Anand,Gunjan,Sunset Blvd
,New Calcite State,Honeysuckle County,Marigold Woods,Garlictown,,Tangelo,Alemitu,Ananya,Gurpreet,South Street
,Copper State,Hornbeamshire,Narcissus Gardens,Ginger Bay,,Surinamcherryblossom,Alemnesh,Aniket,Hansa,North Street
,Diamond Islands,Ivy,Orchid Heights,Ginger Crossing,,Salmonberry,Alemtsehay,Anil,Harbir,Diagon Alley
,New Emerald Territoy,Juniper County,Peace Lily Flats,Ginger Grange,,Persimmon,Algansh,Anirban,Harsha,Mission Street
,Feldspar State,Larch County,Poinsettia Flats,Green Cardamomville,,Mulberry,Almaz,Aniruddha,Hem,Fifth Avenue
,West Gold,Laurel County,Rose Gardens,Jalapeño Bay,,Marionberry,Amarech,Ankit,Hemal,Webfoot Walk
,New Graphite,Lime County,Snapdragon Heights,Jasmine Falls,,Lychee,Amelework,Anuj,Himaadri,Kings Cross
,Gyspum Territory,Limeshire,Stargazer Lily Plateau,Jasmine Village,,Cherry,Amsale,Anup,Hrisha,Evergreen Terrace
,Iron Islands,Maple County,Sunflower Canyon,Jasminetown,,Plantainbananaplant,Amsalework,Anupam,Iksha,Rainey Street
,East Mercury State,Mountain Ash County,Tulip Flats,Juniper Heights,,Plum,Amsalu,Anurag,Imaan,Spooner Street
,New Magnesia,North Lilac,Violet Gardens,Juniper Town,,Pear,Anamika,Apoorva,Ina,Chandni Chowk
,Nickel State,Oak County,Lotus Flats,Kawakawa Heights,,Peach,Ananya,Arhaan,Indrajeet,Savile Row
,Opal,Pine North,Zinnia Hamlet,Kokam Seed Crossing,,Monstera Delciosa,Angel,Aritra,Ishana,High St
,Onyx State,Pine South,Petunia Hamlet,Koseret Leaf Village,,Quince,Anisha,Arjun,Ishu,Silk Road
,New Polarite State,Poplar County,Abelia Green,Lavender Township,,Pineberry,Anjali,Arjun,Jehan,Grand Trunk Road
,Platinum Islands,Rhododendron County,Wild Mallow,Lemon Basil Cove,,Star Apple,Anjana,Arnab,Jhankar,100 Feet Road
,North West Rock Crystal State,Silver Birch County,Okra Gardens,Lemon Verbena Village,,Satsuma,Anu,Arun,Jital,Brigade Road
,Topaz State,Sitka Spruce County,Hickory Wattle,Locust Bean Leap,,Juniperberry,Anusha,Arvind,Jiva,Bandstand Promenade
,North Tin State,Snowberry,Copperleaf Canyon,Mint Crossing,,Guava,Anushri,Arya,Joginder,Hill Road
,Thorite State,South Hazelshire,Acampe Escarpment,Mint Heights,,Gojiberry,Archita,Aseem,Joy,Lady Jamshetjee Road
,Lower Zinc State,South Juniper,Sea Holly Bay,Oregeno Falls,,Rosehip,Arssema,Ashwin,Jwala,Marine Drive
,Upper Zinc State,Spruce County,Common Yarrow Heights,Oregeno Village,,Tamarind-Plum,Asegedech,Bali,Kaanan,Princess Street
,Zircon State,Sycamore County,Ox Knee Gardens,Oregenotown,,Bergamot Orange,Asnakech,Baltej,Kadal,Anna Salai
,Jade State,Turkey Oak North,Monkshood Estate,Pandan Flowerville,,Citron,Aster,Bellamkonda,Kahali,Rajiv Chowk
,Amethyst State,Walnut County,Pink Cedar Hamlets,Pápalo,,Meyer Lemon,Aswini,Bhagwant,Kaivalya,
,Sapphire State,Walnut Island,Desert Rose Hill,Peppermint Falls,,Pomelo,Atsede,Bharat,Kalpaka,
,Amber State,Walnutshire,Cotton Hill,Peppermint Village,,Limetta,Ayana,Bhavesh,Kamal,
,Lapis Lazuli State,Weeping Willow South,Clover Hill,Paprika Smokey Mountain,,Fox Grape,Ayelech,Bhupinder,Kamalnayan,
,Moonstone State,Whitebeam County,Pigweed Corner,Paprika,,Muscadine,Aynalem,Bhushan,Kanak,
,West Ruby,Wild Pear County,Kardal Plateau,Peppertown,,Raspberry,Ayushi,Bibek,Kathinya,
,Silica State,Willow County,Waterwillow Slough,Black Pepper Heights,,Thimbleberry,Azalech,Bibin,Kavin,
,Sunstone State,Yew County,Poppy Anemone Gardens,Peppermint Leaf,,Apple,Azeb,Biju,Keerti,
,West Nickel,Mahogany County,Angelica Hill,Pennyroyal,,Orange,Bekelech,Binu,Kelan,
,Jasper State,Ashoka North,Madeira Vine Valley,Quassia,,Cocoplum,Belaynesh,Birendra,Keva,
,,Ashoka South,Morning Glory Flats,Safflower Falls,,Guavaberry,Beletshachew,Bishamber,Khurshid,
,,Peepal County,Water Lily Hamlets,Saffron Heights,,Jujube,Beletu,Byramjee,Kinjal,
,,Coconut Palm County,Taro Towers,Saffrontown,,Large Pear,Betsega,Chakrapani,Kiran,
,,Deodar County,Champa Gardens,Saffronville,,Giant Tangelo,Beza,Chandrajit,Kranti,
,,Sandalwood Island,Balsam Flats,Sassafras,,Pink Rosehip,Birtukan,Dayanidhi,Krishna,
,,Banyan Forest,Rockgrass Woods,Sesame,,Red Raspberry,Bizunesh,Debabrata,Kritanta,
,,Mango County West,Coneflower Green,Shiso Town,,Yellow Citron,Bruktawit,Deepak,Kshipra,
,,Mango County East,Sedge Slough,Sorrel,,Crabapple,Chandralekha,Devang,Kunjal,
,,Toona County,Pipewort Riverside,Sorrel West,,,Dagmawit,Devendra,Kuntal,
,,Teak County,Myrrh Valley,Sumac,,,Dawn,Devesh,Lahari,
,,West Alder,Rosa Heights,Sumac Heights,,,Deborah,Dharanidhar,Lakshya,
,,East Alder,Caraway Valley,West Woodruff,,,Debritu,Dheeraj,Lalan,
,,Rosewood County,Cardamom Gardens,Tarragon Heights,,,Deepa,Dhinakaran,Lavanya,
,,Jammi County,Rosaceae Valley,Tarragon West Highlands,,,Derartu,Dileesh,Lazim,
,,Redwood County,Dogwood Heights,Thyme Village,,,Desta,Dinesh,Livjyot,
,,Chinar County,Flax Woods,Thyme-by-the-sea,,,Dia,Dipankar,Lochan,
,,Hollong County,Sundew Gardens,Turmeric,,,Diksha,Dnyandeo,Maardava,
,,Gingko County,Tree Poppy Heights,Watercress Waterside,,,Diya,Elangovan,Madhu,
,,Barber County,Foxglove Beach,Watercress Bay,,,Eden,Eswar,Madhur,
,,Barron Conty,Fern Gully,Sumac Bay,,,Elizabeth,Ganesh,Mahajan,
,,Bartow County,Ferndale,Quassia Falls,,,Elsabeth,Ganga Prasad,Maitreya,
,,Brazos County,Wallflower Green,Yerba Buena,,,Elshaday,Ganpatrao,Manasi,
,,Crisp County,Snow Poppy Park,Yarrowville,,,Eman,Giridhar,Manvi,
,,Cidra County,Poppy Green,Wormwood Village,,,Emebet,Girish,Meghan,
,,Dale County,Hyacinth West,Wormwood Views,,,Eskedar,Gnanasekaran,Mehal,
,,Morrison,Blue Daisy Park,Za'atar Heights,,,Etenesh,Gopinathan,Meher,
,,Morrill County,Fig Farm,Za'atar,,,Etsegenet,Govindrao,Mrinal,
,,Muscogee County,Ginkgo Wharf,Chipotle Cove,,,Eyerus,Gurcharan,Murali,
,,Rabun County,Fuchsia Green,Allspice Cove,,,Eyerusalem,Gurunath,Naksha,
,,Randall County,Waxflower Gardens,Allspice Bay,,,Feven,Hansraj,Nakshathra,
,,Ravali County,Homeria Green,Anise Overlook,,,Freyhiwot,Hanuman,Namya,
,,Rock Island,Goldenrod Gardens,Anise Town,,,Gayatri,Hara,Nartan,
,,Rockdale,Lupen Heights,Caraway Cove,,,Haimanot,Harilal,Nayan,
,,Ripley County,Holly Grove,Caraway Village,,,Hamelmal,Harish,Nehal,
,,Salem County,Iris Gardens,Capertown,,,Hamere,Harjit,Nibaal,
,,Saint Mary,Corn Lily Embankment,Caper Mountain,,,Hanan,Harmeet,Nibras,
,,Salinas,Clover Flower Gardens,Cilantro Cove,,,Hanna,Harsh,Nimat,
,,Smyth County,Nettle Park,Cilantro Village,,,Hareg,Hemant,Niral,
,,Somerset,Mallow Green,Clove Village,,,Hayat,Hitesh,Niranjan,
,,Sonooma,Lycium Hill,Cassia City,,,Hewan,Ira,Nirmal,
,,Southampton,Magenta Corner,Chicory Cove,,,Hirut,Ishana,Pahal,
,,Sibley County,Oleander Hill,Dillseed Town,,,Isha,Jadunath,Pakkiri,
,,Shoshone County,Olive Gardens,Dillseed Bay,,,Ishika,Jaipal,Panna,
,,,Lilyturf Hill,Acai,,,Ishita,Jalaj,Para,
,,,Perilla Commons,Aji Amarillo,,,Juvina,Jayant,Parminder,
,,,Ginseng Hill,Aji Panca,,,Kalkidan,Jitendra,Parul,
,,,Pansy Parkway,Ancho Chilli Town,,,Kalyani,Joglekar,Pavi,
,,,Slipper Orchid Valley,Anardana Mines,,,Kelemua,K. Mallappa,Prakriti,
,,,Frangipani Hill,Caper Mines,,,Khushi,Kalanidhi,Pranil,
,,,Butterfly Orchid Corner,Ancho Heights,,,Kidist,Kalimuthu,Prasha,
,,,Mequite Hill,Annatto Town,,,Kokebe,Kalpesh,Pravin,
,,,Jacobs Ladder Hill,Annatto Village,,,Konjit,Kantilal,Preet,
,,,South Geranium Valley,Barberry Town,,,Krithika,Karan,Priyan,
,,,Lady Palm Vista,Barberry Ferry,,,Lavanya,Karthik,Pruthvi,
,,,Buttercup Valley,Basil Bottom,,,Leah,Karthikeyan,Punit,
,,,Palmetto Heights,Basil Heights,,,Lidet,Kaushal,Raaz,
,,,Soapwart Valley,Basil Cove,,,Lidiya,Kaustubh,Rahel,
,,,Campion Heights,Basil Falls,,,Lielt,Kazi,Rahi,
,,,Primrose Gardens,Cumin Heights,,,Lily,Khakhar,Rajani,
,,,Stonecrop Heights,Cascabel Village,,,Liya,Kishor,Rajul,
,,,Vanda Hill,Cascabel Town,,,Liyu,Kishore,Rakhshan,
,,,Perwinkle Gardens,Cassia Town,,,Mahder,Kripa,Raman,
,,,Waterlily Lake,Chamomile Heights,,,Mahima,Kripesh,Razan,
,,,Verbena Hill,Chamomile Cove,,,Mahlet,Krishnadev,Reema,
,,,,Chive City,,,Makeda,Krishnappa,Riaan,
,,,,Coffee City,,,Manisha,Krishnayya,Rimple,
,,,,Dhania Overlook,,,Maraki,Kulasekhara,Ripujeet,
,,,,Dukkah Bay,,,Maramawit,Kulbhushan,Roshan,
,,,,Fennel Pollen Falls,,,Martha,Kumar,Rusham,
,,,,Fleur de Sel de Guerande,,,Mekdes,Lakshan,Rut,
,,,,Garam Masala Town,,,Melat,Lakshman,Sahir,
,,,,Frost Salt Town,,,Meron,M. Krishnappa,Sai,
,,,,Furikake Falls,,,Meselu,Mahboob,Saidah,
,,,,Habanero Heights,,,Meskerem,Mahendra,Salal,
,,,,Herbes de Provence,,,Messeret,Manabendra,Sanjh,
,,,,Paprika Heights,,,Mestewat,Manmohan,Sarin,
,,,,Jaggery Bay,,,Metasebiya,Mansukh,Saroj,
,,,,Juniper Overlook,,,Mignote,Manu,Satya,
,,,,Kokum Bay,,,Mimi,Mehar,Satyaki,
,,,,Myrtle Manor,,,Misgana,Mehul,Setu,
,,,,Lemongrass North,,,Misrak,Mohindra,Shadi,
,,,,Lemongrass Town,,,Mitali,Mukesh,Shagun,
,,,,Liquorice Town,,,Moii chhangte,Munish,Shaiju,
,,,,Mace Village,,,Mulu,Muthuswamy,Shakti,
,,,,Mustard Falls,,,Nardos,Nadeem,Shalin,
,,,,Nutmeg Town,,,Natasha,Nagaraj,Shamshad,
,,,,Nutmeg Lake,,,Neelam,Nana,Shannon,
,,,,Lemongrass Lake,,,Negassi,Naranbhai,Shashi,
,,,,Chive Lake,,,Neha,Narayan,Sheetal,
,,,,Annato Lake,,,Netsanet,Naveen,Shirin,
,,,,Ancho Canyon,,,Nigist,Neelan,Shravya,
,,,,Chicory Canyon,,,Niharika,Neeraj,Shubha,
,,,,Caper Canyon,,,Nikita,Nibaran,Shyamal,
,,,,Orange Blossom Falls,,,Nisha,Nihal,Sloka,
,,,,Nutmeg Canyon,,,Nishi,Nihar,Smital,
,,,,Orange Blossom Lake,,,Nishita,Nilesh,Snehal,
,,,,Oregano Falls,,,Niti,Nirav,Sonu,
,,,,Parsley Place,,,Nunu,Nirupam,Sparsha,
,,,,Parsely Town,,,Papuii Colney,Nitesh,Sree,
,,,,Parsely Falls,,,Pavithra,Nitin,Suchitra,
,,,,Pine Nut Falls,,,Prachi,Nitish,Sudarshan,
,,,,Piri Piri Crossing,,,Priya,Nripendra,Sukhada,
,,,,Piri Piri Towers,,,Rahel,Oommen,Sukhwinder,
,,,,Red Miso Town,,,Rekik,Palanivel,Suman,
,,,,Rosemary Pyramid Heights,,,Renée,Pallav,Supreeta,
,,,,Winter Savory City,,,Rhea,Pankaj,Suri,
,,,,Shichimi Togarashi ,,,Rishita,Phani,Surya,
,,,,Star Anise,,,Riya,Pitamber,Sutara,
,,,,Sweet Mullberry Crossing West,,,Roman,Prabodh Chandra,Tahleem,
,,,,Tamarind City,,,Roza,Prakash,Taif,
,,,,Tamarind Canyon,,,Ruth,Pramod,Taran,
,,,,Tonka Bean Village,,,Rutuja,Pranab,Taru,
,,,,Turmeric Town, ,,Saba,Pranav,Tejal,
,,,,Urfa Town,,,Sadaf,Pranay,Tirath,
,,,,Vadouvan Village,,,Sakshi,Prannoy,Tuli,
,,,,Wasabi Overlook,,,Salem,Prataprao,Umang,
,,,,Wild Thyme Town,,,Sam,Pratul,Urvan,
,,,,Yuzu Peel Village,,,Samrawit,Puran,Utkarsha,
,,,,Cayenne West,,,Sarah,Radhanath,Vanhi,
,,,,Aniseed East,,,Saron,Raghu,Veda,
,,,,Ras El Hanout,,,Sasashy,Rahul,Vibhuti,
,,,,Berbere Coast,,,Sati,Raj,Vishva,
,,,,Mace,,,Seble,Raja,Yanni,
,,,,Gochugaru North,,,Seble-Wongel,Rajan,Zayb,
,,,,Gochugaru South,,,Seema,Rajendra,,
,,,,Cubeb Canyon,,,Sefanit,Rajinder,,
,,,,Marjoram Lake,,,Selam,Rajiv,,
,,,,Earl Grey Town,,,Selamawit,Rakesh,,
,,,,Darjeeling Village,,,Semira,Ram,,
,,,,Gunpowder Town,,,Senait,Ram Narayan,,
,,,,Mintville,,,Senedu,Ramakant,,
,,,,Wulutown,,,Serkadis,Ramesh,,
,,,,Matcha Village,,,Serkalem,Ranbir,,
,,,,Houjichaville,,,Shivangi,Randhir,,
,,,,Nishi Sencha Hamlet,,,Shivani,Ranganath,,
,,,,Rooibosville,,,Shreya,Ratnam,,
,,,,Spearmintville,,,Shrinidhi,Ratul,,
,,,,Turmeric Gold Town,,,Siham,Ravichandran,,
,,,,Lapsang Souchong Village,,,Simran,Ravinder,,
,,,,Selim Hill Town,,,Sinetebeb,Ravish,,
,,,,Yunnanville,,,Sitota,Rinjish,,
,,,,Genmaicha Canyon,,,Siya,Rohit,,
,,,,West Matcha,,,Tanu,Sabyasachi,,
,,,,Hojicha Mountain,,,Tanvi,Sachin,,
,,,,Cherry Blossom Village,,,Tanya,Sahil,,
,,,,Lake Sencha,,,Tenagne,Saju,,
,,,,Jing Village,,,Tersit,Sāketa,,
,,,,Artichoke Town,,,Tewabech,Samar,,
,,,,Sproutville,,,Thut,Sambhunath,,
,,,,Collard Town,,,Tigist,Samir,,
,,,,Broccoliville,,,Tinbit,Sancheti,,
,,,,Cabbagetown,,,Tirunesh,Sandipan,,
,,,,Carrotville,,,Tiruwork,Sanjay,,
,,,,Celery Town,,,Tisha,Sarabjit,,
,,,,Cornville,,,Tizita,Sashi,,
,,,,Aubergine Village,,,Tsedenia,Satish,,
,,,,West Aubergine,,,Tsedey,Satish Chandra,,
,,,,North Horseradish,,,Tsega,Satyadev,,
,,,,Kaleville,,,Tsehay,Satyajit,,
,,,,Leek City,,,Tsion,Sekar,,
,,,,Okraville,,,Vaishnavi,Shahbaz,,
,,,,Pepperton,,,Vani,Shailendra,,
,,,,West Rutabaga Village,,,Varsha,Shankarrao,,
,,,,Spinachton,,,Vidhya,Sharad,,
,,,,Chardville,,,Welela,Shekhar,,
,,,,Paracress Village,,,Woyneshet,Shikhar,,
,,,,North Chard,,,Wudassie,Shishir,,
,,,,Beetroot Village,,,Wulette,Shishira,,
,,,,Turniptown,,,Yabsira,Shreyas,,
,,,,Rapiniville,,,Yamrot,Shridhar,,
,,,,Endive Town,,,Yemsirach,Shubhendu,,
,,,,Radicchioville,,,Yeshi,Sitaramayya,,
,,,,Taro Town,,,Yeshimebet,Sivaprasad,,
,,,,Woodsorrel Woods Crossing,,,Yewbdar,Sobha,,
,,,,Lake Parsely West,,,Yodit,Somesh,,
,,,,Pepperleaf Town,,,Yohanna,Soumitra,,
,,,,Lake Primrose,,,Yordanos,Sourav,,
,,,,Golden Thistle Village,,,Zeritu,Srikanta,,
,,,,Lake Sesame Village,,,Zewditu,Srinivas,,
,,,,Pennycressville,,,Zinash,Sripada,,
,,,,Trillium Town,,,Zufan,Subbiah,,
,,,,Sweet Violet Town,,,Aashna,Subrata,,
,,,,Arugulaville,,,Aastha,Sudhir,,
,,,,Bok Choy Town,,,Arti,Sukhbir,,
,,,,West Dandelion Village,,,Arusha,Sumit,,
,,,,Fiddlehead,,,Arya,Sundar,,
,,,,Greater Plantain Village,,,Bemnet,Suneet,,
,,,,Mizuna Green Town,,,Betel,Sunil,,
,,,,Wheatgrass,,,Betelhem,Surendra,,
,,,,Cress,,,Bezawit,Surendranath,,
,,,,Garbanzo,,,Biftu,Suresh,,
,,,,Lentilville,,,Bilen,Surinder,,
,,,,Mungbeantown,,,Dilmini,Tarsem,,
,,,,Lake Lemongrass,,,Dinknesh,Tarun,,
,,,,Shallotville,,,Divya,Udit,,
,,,,Yamtown,,,Edom,Umesh,,
,,,,Hibiscusville,,,Ejigayehu,Upendra,,
,,,,Oatville,,,Elfnesh,Vallabhbhai,,
,,,,Barleytown,,,Fasika,Vallathol,,
,,,,Riceville,,,Feker,Varghese,,
,,,,Rye Town,,,Fekerte,Vasudevan,,
,,,,Bulgurville,,,Helen,Venkataraman,,
,,,,Milletville,,,Helina,Venu,,
,,,,Buckwheat,,,Hermela,Vidyut,,
,,,,Quinoaville,,,Hiwot,Vikas,,
,,,,Farroville,,,Indhumathi,Vinay,,
,,,,Canolaville,,,Ira,Vineet,,
,,,,Los Ryeville,,,Kamalika,Vinod,,
,,,,Los Watercress,,,Katherine,Vipin,,
,,,,City of Chives,,,Kavya,Vira Kerala,,
,,,,Goldenrod City,,,Mary,Virat,,
,,,,Major Garlictown,,,Meaza,Vishva,,
,,,,,,,Meheret,Wasim,,
,,,,,,,Menbere,Yash,,
,,,,,,,Menna,Yogesh,,
,,,,,,,Mentewab,Yogeshwar,,
,,,,,,,Muluemebet,,,
,,,,,,,Muna,,,
,,,,,,,Naomi,,,
,,,,,,,Priyanka,,,
,,,,,,,Priyanka,,,
,,,,,,,Radhika,,,
,,,,,,,Ramya,,,
,,,,,,,Rashi,,,
,,,,,,,Rebka,,,
,,,,,,,Rediet,,,
,,,,,,,Sanjana,,,
,,,,,,,Sara,,,
,,,,,,,Sara,,,
,,,,,,,Sneha,,,
,,,,,,,Suhani,,,
,,,,,,,Taitu,,,