state,facility,district,block,,,
Punjab,HWC Aklian Kalan,Bathinda,Goniana,,,
Punjab,SDH Rampura Phul,Bathinda,Balianwali,,,
Punjab,SDH Ghudda,Bathinda,Sangat,,,
Punjab,SAD Gurunank Nagar,Bathinda,Bathinda,,,
Punjab,SAD Partap Nagar,Bathinda,Bathinda,,,
Punjab,UPHC Phul,Bathinda,Bhagta,,,
Punjab,UPHC Beant Nagar,Bathinda,Bathinda,,,
Punjab,USAD Ganesha Basti,Bathinda,Bathinda,,,
Punjab,UPHC Janta Nagar,Bathinda,Bathinda,,,
Punjab,HWC Mehma Swai,Bathinda,CHC Goniana ,,,
Punjab,HWC Tungwali,Bathinda,CHC Nathana ,,,
Punjab,SAD Rampura Town,Bathinda,Balianwali,,,
Punjab,SAD Rampura Village,Bathinda,Balianwali,,,
Punjab,HWC Jaisinghwala,Bathinda,Sangat,,,
Punjab,HWC Nandgarh,Bathinda,Sangat,,,
Punjab,HWC Pathrala,Bathinda,Sangat,,,
Punjab,HWC Jangi Rana,Bathinda,Sangat,,,
Punjab,HWC Jiwan Singh wala,Bathinda,Talwandi,,,
Punjab,HWC Singo,Bathinda,Talwandi,,,
Punjab,HWC Burj Sema,Bathinda,CHC Nathana ,,,
Punjab,HWC Burj Mehma,Bathinda,CHC Goniana ,,,
Punjab,SAD Kot Fatta Village,Bathinda,Talwandi,,,
Punjab,SAD Namdev Nagar,Bathinda,Bathinda,,,
Punjab,HWC Kotra Kotian Wala,Bathinda,Balianwali,,,
Punjab,HWC Killi Nihalsinghwala,Bathinda,CHC Goniana ,,,
Punjab,HWC Dhingar,Bathinda,Bhagta,,,
Punjab,HWC Pitho,Bathinda,Balianwali,,,
Punjab,HWC Govindpura,Bathinda,Nathana,,,
Punjab,HWC CFSW,Bathinda,Nathana,,,
Punjab,HWC Nahian Wala,Bathinda,Goniana,,,
Punjab,HWC Bir Behman,Bathinda,Goniana,,,
Punjab,HWC Dialpura Bhai Ka,Bathinda,Bhagta,,,
Punjab,HWC Selbrah,Bathinda,Bhagta,,,
Punjab,HWC Lehera Sondha,Bathinda,CHC Nathana ,,,
Punjab,HWC Gumti Klan,Bathinda,Bhagta,,,
Punjab,HWC Ganga,Bathinda,Goniana,,,
Punjab,HWC Lehera Khana,Bathinda,Goniana,,,
Punjab,HWC Gulab Garh,Bathinda,Goniana,,,
Punjab,HWC Sirian Wala,Bathinda,Bhagta,,,
Punjab,HWC Bhunder,Bathinda,Balianwali,,,
Punjab,HWC Baho Yatri,Bathinda,Goniana,,,
Punjab,UPHC Parasram Nagar,Bathinda,Bathinda,,,
Punjab,HWC Bhucho Khurd,Bathinda,Nathana,,,
Punjab,HWC Jassi Bagh Wali,Bathinda,Sangat,,,
Punjab,HWC Behman Diwana,Bathinda,Goniana,,,
Punjab,HWC Maluka,Bathinda,Bhagta,,,
Punjab,HWC Gill Patti,Bathinda,Goniana,,,
Punjab,HWC Sivian,Bathinda,Goniana,,,
Punjab,HWC Harrai Pur,Bathinda,Goniana,,,
Punjab,HWC Chowke,Bathinda,Balianwali,,,
Punjab,HWC Sidhana,Bathinda,Bhagta,,,
Punjab,HWC Chughe kalan,Bathinda,Goniana,,,
Punjab,HWC Naruana,Bathinda,Goniana,,,
Punjab,HWC Bagha,Bathinda,Sangat,,,
Punjab,HWC Shekhu,Bathinda,Sangat,,,
Punjab,HWC Giana,Bathinda,Talwandi,,,
Punjab,HWC Balloh,Bathinda,Balianwali,,,
Punjab,District Hospital Bathinda,Bathinda,Bathinda,,,
Punjab,RH Chak Atarsinghwala,Bathinda,Sangat,,,
Punjab,HWC Ablu,Bathinda,Goniana,,,
Punjab,HWC Rampura Village,Bathinda,Balianwali,,,
Punjab,HWC Jaga Ram Tirath,Bathinda,Talwandi,,,
Punjab,HWC Poohla,Bathinda,Nathana,,,
Punjab,HWC Jethuke,Bathinda,Balianwali,,,
Punjab,UPHC Lal Singh Basti,Bathinda,Bathinda,,,
Punjab,HWC Bhucho Kalan,Bathinda,Nathana,,,
Punjab,HWC Bhokra,Bathinda,Goniana,,,
Punjab,HWC Chak Ruldusinghwala,Bathinda,Sangat,,,
Punjab,HWC Bibiwala,Bathinda,Nathana,,,
Punjab,HWC Shekhpura,Bathinda,Talwandi,,,
Punjab,HWC Deon,Bathinda,Goniana,,,
Punjab,HWC Bhagi Wander,Bathinda,Talwandi,,,
Punjab,HWC Ghuman Klan,Bathinda,Talwandi,,,
Punjab,HWC Jeond,Bathinda,Balianwali,,,
Punjab,HWC Dikh,Bathinda,Balianwali,,,
Maharashtra,PHC Kesalwada HWC Garada,Bhandara,Lakhani,,,
Maharashtra,PHC Nakadongari HWC Chikhla,Bhandara,Tumsar ,,,
Maharashtra,PHC Sarandi BK HWC Mandhal,Bhandara,Lakhandur ,,,
Maharashtra,PHC Gobarwahi HWC Chicholi,Bhandara,Tumsar ,,,
Maharashtra,PHC Betala HWC Mohgaondevi,Bhandara,Mohadi ,,,
Maharashtra,PHC Andhalgaon HWC Kanhalgaon,Bhandara,Mohadi ,,,
Maharashtra,PHC Chulhad HWC Hardoli,Bhandara,Tumsar ,,,
Maharashtra,PHC Dewhadi HWC Bamhani,Bhandara,Tumsar ,,,
Maharashtra,PHC Dewhadi HWC Tamaswadi,Bhandara,Tumsar ,,,
Maharashtra,PHC Gobarwahi HWC Mohgaon Khadan,Bhandara,Tumsar ,,,
Maharashtra,PHC Gobarwahi HWC Sitasawangi,Bhandara,Tumsar ,,,
Maharashtra,PHC Jamb HWC Dhop,Bhandara,Mohadi ,,,
Maharashtra,PHC Jamb HWC Hiwara,Bhandara,Mohadi ,,,
Maharashtra,PHC Jamb HWC Kandri,Bhandara,Mohadi ,,,
Maharashtra,PHC Karadi HWC Nilaj BK,Bhandara,Mohadi ,,,
Maharashtra,PHC Khamari HWC Koka,Bhandara,Bhandara ,,,
Maharashtra,PHC Lendezari HWC Bagheda,Bhandara,Tumsar ,,,
Maharashtra,PHC Lendezari HWC Hardoli,Bhandara,Tumsar ,,,
Maharashtra,PHC Nakadongari HWC Dongri B,Bhandara,Tumsar ,,,
Maharashtra,PHC Nakadongari HWC Kawlewada,Bhandara,Tumsar ,,,
Maharashtra,PHC Sangadi HWC Shivanibandh,Bhandara,Sakoli ,,,
Maharashtra,PHC Warthi HWC Mandesar,Bhandara,Mohadi ,,,
Maharashtra,PHC Lendezari HWC Rongha,Bhandara,Tumsar ,,,
Maharashtra,PHC Sangadi HWC Sawarbandh,Bhandara,Sakoli ,,,
Maharashtra,PHC Shahapur HWC Parsodi,Bhandara,Bhandara ,,,
Maharashtra,PHC Barwha HWC Pimpalgaon,Bhandara,Lakhandur ,,,
Maharashtra,PHC Dighori HWC Manegaon,Bhandara,Lakhandur ,,,
Maharashtra,PHC Barwha HWC Bothali,Bhandara,Lakhandur ,,,
Maharashtra,PHC Dighori HWC Tawashi,Bhandara,Lakhandur ,,,
Maharashtra,PHC Ekodi HWC Bampewada,Bhandara,Sakoli ,,,
Maharashtra,PHC Ekodi HWC Ghanod,Bhandara,Sakoli ,,,
Maharashtra,PHC Ekodi HWC Mundipar,Bhandara,Sakoli ,,,
Maharashtra,PHC Gondumari HWC Mahalgaon,Bhandara,Sakoli ,,,
Maharashtra,PHC Khamba HWC Kinhi,Bhandara,Sakoli ,,,
Maharashtra,PHC Khamba HWC Pindkepar,Bhandara,Sakoli ,,,
Maharashtra,PHC Kudegaon HWC Madeghat,Bhandara,Lakhandur ,,,
Maharashtra,PHC Sangadi HWC Sasra,Bhandara,Sakoli ,,,
Maharashtra,PHC Virshi HWC Sendurwafa,Bhandara,Sakoli ,,,
Maharashtra,PHC Virshi HWC Umari,Bhandara,Sakoli ,,,
Maharashtra,PHC Dewhadi HWC Madagi,Bhandara,Tumsar ,,,
Maharashtra,PHC Muramadi HWC Kolari,Bhandara,Lakhani ,,,
Maharashtra,PHC Sarandi BK HWC Pahungaon,Bhandara,Lakhandur ,,,
Maharashtra,SDH Bhandara,Bhandara,Bhandara ,,,
Maharashtra,CH Bhandara,Bhandara,Bhandara ,,,
Maharashtra,PHC Ekodi HWC Bodra,Bhandara,Sakoli ,,,
Maharashtra,PHC Gondumari HWC Palasgaon,Bhandara,Sakoli ,,,
Maharashtra,PHC Sangadi HWC Kumbhali,Bhandara,Sakoli ,,,
Maharashtra,PHC Lendezari HWC Chikhali,Bhandara,Tumsar ,,,
Maharashtra,PHC Warthi HWC Neri,Bhandara,Mohadi ,,,
Maharashtra,PHC Warthi HWC Sathona,Bhandara,Mohadi ,,,
Maharashtra,PHC Chulhad HWC Temni,Bhandara,Tumsar ,,,
Maharashtra,PHC Gobarwahi HWC Mehegaon,Bhandara,Tumsar ,,,
Maharashtra,PHC Gobarwahi HWC Mitewani,Bhandara,Tumsar ,,,
Maharashtra,PHC Karadi HWC Devhada K,Bhandara,Mohadi ,,,
Maharashtra,PHC Karadi HWC Jambhora,Bhandara,Mohadi ,,,
Maharashtra,PHC Khamba HWC Satalwada,Bhandara,Sakoli ,,,
Maharashtra,PHC Kudegaon HWC Khairi Pat,Bhandara,Lakhandur ,,,
Maharashtra,PHC Kudegaon HWC Moharna,Bhandara,Lakhandur ,,,
Maharashtra,PHC Lendezari HWC Lohara,Bhandara,Tumsar ,,,
Maharashtra,PHC Lendezari HWC Pitesur,Bhandara,Tumsar ,,,
Maharashtra,PHC Mohadura HWC Sirsi,Bhandara,Bhandara ,,,
Maharashtra,PHC Pimpalgaon Sadak HWC Miregaon,Bhandara,Lakhani ,,,
Maharashtra,PHC Sarandi BK HWC Masal,Bhandara,Lakhandur ,,,
Maharashtra,PHC Sarandi BK HWC Tai,Bhandara,Lakhandur ,,,
Maharashtra,PHC Pohara HWC Macharna,Bhandara,Lakhani ,,,
Maharashtra,PHC Kudegaon HWC Puyar,Bhandara,Lakhandur ,,,
Maharashtra,PHC Gondumari HWC Wangi,Bhandara,Sakoli ,,,
Maharashtra,PHC Bhuyar HWC Khapri,Bhandara,Pauni ,,,
Maharashtra,PHC Dighori HWC Dahegaon,Bhandara,Lakhandur ,,,
Maharashtra,PHC Nakadongari HWC Lobhi,Bhandara,Tumsar ,,,
Maharashtra,PHC Virshi HWC Parsodi,Bhandara,Sakoli ,,,
Maharashtra,PHC Bhuyar HWC Amgaon,Bhandara,Pauni ,,,
Maharashtra,PHC Kondha HWC Tirri,Bhandara,Pauni ,,,
Maharashtra,PHC Dewhadi HWC Khapa,Bhandara,Tumsar ,,,
Maharashtra,PHC Kesalwada HWC Gadegaon,Bhandara,Lakhani ,,,
Maharashtra,PHC Asgaon HWC Walni,Bhandara,Pauni ,,,
Maharashtra,PHC Chulhad HWC Paraswada,Bhandara,Tumsar ,,,
Maharashtra,PHC Chulhad HWC Wahani,Bhandara,Tumsar ,,,
Maharashtra,PHC Kesalwada HWC Murmadi,Bhandara,Lakhani ,,,
Maharashtra,PHC Jamb HWC Usarra,Bhandara,Mohadi ,,,
Maharashtra,PHC Dewhadi HWC Paraswada,Bhandara,Tumsar ,,,
Maharashtra,PHC Chullad HWC Baphera,Bhandara,Tumsar ,,,
Maharashtra,PHC Chullad HWC Mohadi Khapa,Bhandara,Tumsar ,,,
Maharashtra,PHC Andhalgaon HWC Wadegaon,Bhandara,Mohadi ,,,
Maharashtra,PHC Sarandi HWC Belathi,Bhandara,Lakhandur ,,,
Maharashtra,PHC Dewhadi HWC Kharbi,Bhandara,Tumsar ,,,
Karnataka,TH Kadur,Chikmagalur,Kadur,,,
Karnataka,PHC Hogarehalli,Chikmagalur,Kadur,,,
Karnataka,Test Facility Chikmagalur,Chikmagalur,Kadur,,,
Karnataka,SC Chikkanallur,Chikmagalur,Kadur,,,
Karnataka,SC K Bidare,Chikmagalur,Kadur,,,
Karnataka,SC Chikkadevanooru,Chikmagalur,Kadur,,,
Maharashtra,PHC Mahagaon HWC Aheri,Gadchiroli,Aheri,,,
Maharashtra,PHC Kamlapur HWC Challewada,Gadchiroli,Aheri,,,
Maharashtra,PHC Godalwahi HWC Salebhatti,Gadchiroli,Dhanora ,,,
Maharashtra,PHC Karwafa HWC Chatgaon,Gadchiroli,Dhanora ,,,
Maharashtra,PHC Mahagaon HWC Nagepalli,Gadchiroli,Aheri,,,
Maharashtra,PHC Kamlapur HWC Repanpalli,Gadchiroli,Aheri,,,
Maharashtra,PHC Ankisa HWC Asaralli,Gadchiroli,Sironcha ,,,
Maharashtra,PHC Bhendala,Gadchiroli,Chamorshi ,,,
Maharashtra,PHC Burgi HWC Gurupalli,Gadchiroli,Etappalli ,,,
Maharashtra,PHC Sundernagar HWC Koparalli,Gadchiroli,Mulchera ,,,
Maharashtra,PHC Lagam HWC Bori,Gadchiroli,Mulchera ,,,
Maharashtra,PHC Todsa HWC Maweli,Gadchiroli,Etappalli ,,,
Maharashtra,PHC Malewada HWC Angara,Gadchiroli,Kurkheda ,,,
Maharashtra,PHC Arewada HWC Kothi,Gadchiroli,Bhamragad ,,,
Punjab,SDH Batala,Gurdaspur,Batala,,,
Punjab,CHC Dera Baba Nanak,Gurdaspur,Dhianpur,,,
Punjab,CHC Ghoman,Gurdaspur,Bham,,,
Punjab,CHC Kot Santhokh Rai,Gurdaspur,Naushehra Majha Singh,,,
Punjab,CHC Singhowal,Gurdaspur,Behrampur,,,
Punjab,CHC Qadian,Gurdaspur,Bham,,,
Punjab,CHC Bham,Gurdaspur,Bham,,,
Punjab,CHC Dhariwal,Gurdaspur,Naushehra Majha Singh,,,
Punjab,CHC Kalanaur,Gurdaspur,Kalanur,,,
Punjab,MPHC Marara,Gurdaspur,Behrampur,,,
Punjab,MPHC Wadala Granthian,Gurdaspur,Bhullar,,,
Punjab,PHC Gunopur,Gurdaspur,Kahnuwan,,,
Punjab,PHC Jaura Chhattra,Gurdaspur,Dorangla,,,
Punjab,PHC Kala Afhgana,Gurdaspur,Fatehgarh Churian,,,
Punjab,PHC Police Hospital,Gurdaspur,Gurdaspur,,,
Punjab,PHC DHARM KOT RANDHAWA,Gurdaspur,Dhianpur,,,
Punjab,HWC Bhikhariwal,Gurdaspur,Kalanur,,,
Punjab,UPHC Gurdaspur,Gurdaspur,Gurdaspur,,,
Punjab,MPHC Gill Manjh,Gurdaspur,Kahnuwan,,,
Punjab,RH Rangar Nangal,Gurdaspur,Bhullar,,,
Punjab,RH Shri Hargobindpur,Gurdaspur,Bham,,,
Punjab,CHC Bhaini Mian Khan,Gurdaspur,Kahnuwan,,,
Punjab,CHC Purana Shalla,Gurdaspur,Ranjit Bag,,,
Punjab,PHC Dhianpur,Gurdaspur,Dhianpur,,,
Punjab,PHC Aliwal,Gurdaspur,Fatehgarh Churian,,,
Punjab,PHC Ranjit Bag,Gurdaspur,Ranjit Bag,,,
Punjab,HWC Langah Jattan,Gurdaspur,Naushehra Majha Singh,,,
Punjab,PHC Behrampur,Gurdaspur,Behrampur,,,
Punjab,HWC Aulakh Kalana,Gurdaspur,Bham,,,
Punjab,HWC Dhapai,Gurdaspur,BHam,,,
Punjab,HWC Pakhowal kullian,Gurdaspur,Ranjit Bag,,,
Punjab,HWC Bhagowal,Gurdaspur,Bhullar,,,
Punjab,MPHC Jharoli,Gurdaspur,Behrampur,,,
Punjab,HWC Dodwan,Gurdaspur,Behrampur,,,
Punjab,HWC Bhandal,Gurdaspur,Kalanur,,,
Punjab,HWC Zafarwal,Gurdaspur,Naushehra Majha Singh,,,
Punjab,CHC Naushera majja Singh(NMS),Gurdaspur,Naushehra Majha Singh,,,
Punjab,HWC Aujla,Gurdaspur,Kalanur,,,
Punjab,HWC Hardocchania,Gurdaspur,Kalanur,,,
Punjab,HWC Talibpur,Gurdaspur,Ranjit Bag,,,
Punjab,HWC Kastiwal,Gurdaspur,Fatehgarh Churian,,,
Punjab,HWC Bal,Gurdaspur,Naushehra Majha Singh,,,
Punjab,HWC Sarafkot,Gurdaspur,Fatehgarh Churian,,,
Punjab,HWC Pabbarali Kalan,Gurdaspur,Fatehgarh Churian,,,
Punjab,HWC Ghot Pokhar,Gurdaspur,Ranjit Bag,,,
Punjab,HWC Ludha Munda,Gurdaspur,Bham,,,
Punjab,HWC Malakpur,Gurdaspur,Bhullar,,,
Punjab,PHC Udanwal,Gurdaspur,Bham,,,
Punjab,HWC Shankarpura,Gurdaspur,Fatehgarh Churian,,,
Punjab,HWC Uccha Dhakala,Gurdaspur,Behrampur,,,
Punjab,HWC Paniar,Gurdaspur,behrampur,,,
Punjab,HWC Gurdasnangal,Gurdaspur,Dorangla,,,
Punjab,HWC Allechak,Gurdaspur,Dorangla,,,
Punjab,HWC Riali Kalan,Gurdaspur,Fatehgarh Churian,,,
Punjab,HWC Awankha,Gurdaspur,Behrampur,,,
Punjab,CHC Kahnuwan,Gurdaspur,Kahnuwan,,,
Punjab,HWC Ramnagar,Gurdaspur,Ranjit Bag,,,
Punjab,HWC Chack Sharif,Gurdaspur,Kahnuwan,,,
Punjab,HWC Nawa Shalla,Gurdaspur,Kahnuwan,,,
Punjab,HWC Sekhwan,Gurdaspur,Kahnuwan,,,
Punjab,HWC Daburi,Gurdaspur,Behrampur,,,
Punjab,HWC Jhabhkara,Gurdaspur,Behrampur,,,
Punjab,HWC Ballpurian,Gurdaspur,Bhullar,,,
Punjab,HWC Saroopwali,Gurdaspur,Dhianpur,,,
Punjab,HWC Jaura Singha,Gurdaspur,Bhullar,,,
Punjab,HWC Manan,Gurdaspur,Bhullar,,,
Punjab,HWC Dayalgarh,Gurdaspur,Bhullar,,,
Punjab,HWC Thind Dhariwal,Gurdaspur,Bhullar,,,
Punjab,HWC Mullawal,Gurdaspur,Kahnuwan,,,
Punjab,HWC Alma,Gurdaspur,Kahnuwan,,,
Punjab,HWC Ghasitpur,Gurdaspur,Bhullar,,,
Punjab,HWC Kahlwan,Gurdaspur,Bham,,,
Punjab,HWC Gahlari,Gurdaspur,Dorangla,,,
Punjab,HWC Kot Todar Mal,Gurdaspur,Kahnuwan,,,
Punjab,HWC Sedowal Kalan,Gurdaspur,kahnuwan,,,
Punjab,HWC Leel Kalan,Gurdaspur,bham,,,
Punjab,HWC Tibber,Gurdaspur,Kahnuwan,,,
Punjab,HWC Bhangowani,Gurdaspur,Naushehra Majha Singh,,,
Punjab,HWC Tugalwal,Gurdaspur,Kahnuwan,,,
Punjab,HWC Hardan,Gurdaspur,Dorangla,,,
Punjab,HWC Abulkhair,Gurdaspur,Dorangla,,,
Punjab,HWC Sadhuchak,Gurdaspur,Dorangla,,,
Punjab,HWC Bhagtana Tullian,Gurdaspur,Dhianpur,,,
Punjab,HWC Rahimabad,Gurdaspur,Dhianpur,,,
Punjab,HWC Choorchak,Gurdaspur,Behrampur,,,
Punjab,HWC Bolewal,Gurdaspur,bham,,,
Punjab,HWC Veela,Gurdaspur,Fatehgarh Churian,,,
Punjab,HWC Jhanda Lubana,Gurdaspur,Kahnuwan,,,
Punjab,HWC Khushalpur,Gurdaspur,Dhianpur,,,
Punjab,HWC Hayat Nagar,Gurdaspur,Dorangla,,,
Punjab,MPHC Babehali,Gurdaspur,Ranjit Bag,,,
Punjab,Sekhwan Jahdpur,Gurdaspur,bhullar,,,
Punjab,HWC Thetharke,Gurdaspur,Dhianpur,,,
Punjab,PHC Bhullar,Gurdaspur,Bhullar,,,
Punjab,MPHC JATO SAUJA,Gurdaspur,Bhullar,,,
Punjab,HWC Dakoha,Gurdaspur,Bham,,,
Punjab,HWC Bhojraj,Gurdaspur,Naushehra Majha Singh,,,
Punjab,HWC Chaunta,Gurdaspur,Behrampur,,,
Punjab,HWC Bharth,Gurdaspur,Behrampur,,,
Punjab,HWC Khokhar,Gurdaspur,Dorangla,,,
Punjab,HWC Kaler Kalan,Gurdaspur,Naushehra Majha Singh,,,
Punjab,District Hospital Gurdaspur,Gurdaspur,Gurdaspur,,,
Punjab,HWC Ghuman Kalan,Gurdaspur,Naushehra Majha Singh,,,
Punjab,HWC Jhawar,Gurdaspur,Dorangla,,,
Punjab,HWC Rania,Gurdaspur,Naushehra Majha Singh,,,
Punjab,HWC Dadwan,Gurdaspur,Naushehra Majha Singh,,,
Punjab,HWC Kahan Malakh,Gurdaspur,Naushehra Majha Singh,,,
Punjab,HWC Lehal,Gurdaspur,Naushehra Majha Singh,,,
Punjab,PHC Bhumbli,Gurdaspur,Naushehra Majha Singh,,,
Punjab,HWC Sohal,Gurdaspur,Naushehra Majha Singh,,,
Punjab,HWC Babri Nangal,Gurdaspur,Naushehra Majha Singh,,,
Punjab,HWC Rorawali,Gurdaspur,Naushehra Majha Singh,,,
Punjab,HWC Naushehra Bahadur,Gurdaspur,Ranjit Bag,,,
Punjab,HWC Bains Gurala,Gurdaspur,Ranjit Bag,,,
Punjab,HWC Pandher,Gurdaspur,Ranjit Bag,,,
Punjab,HWC Talwandi Virk,Gurdaspur,Ranjit Bag,,,
Punjab,HWC Sahari,Gurdaspur,Naushehra Majha Singh,,,
Punjab,HWC Talwandi Rama,Gurdaspur,Dhianpur,,,
Punjab,UPHC Batala,Gurdaspur,batala,,,
Punjab,HWC Gaji Kot,Gurdaspur,Ranjit Bag,,,
Punjab,HWC Dale Chak,Gurdaspur,Fatehgarh Churian,,,
Punjab,HWC Sallopur,Gurdaspur,Kahnuwan,,,
Punjab,HWC Bojha,Gurdaspur,bham,,,
Punjab,UPHC CD Slum Gurdaspur,Gurdaspur,Ranjit Bag,,,
Punjab,HWC Dhoot,Gurdaspur,Dorangla,,,
Punjab,HWC Bhaini Paswal,Gurdaspur,Kahnuwan,,,
Punjab,HWC Banthawala,Gurdaspur,Behrampur,,,
Punjab,HWC Chahal Kalan,Gurdaspur,bhullar,,,
Punjab,HWC Rupowali,Gurdaspur,Dhianpur,,,
Punjab,HWC Haripur Lohgarh,Gurdaspur,Behrampur,,,
Punjab,HWC Machrai,Gurdaspur,Bham,,,
Punjab,CHC FatehGarh Chudiyan,Gurdaspur,Fatehgarh Churian,,,
Punjab,PHC Dorangla,Gurdaspur,Dorangla,,,
Punjab,HWC Ghanie k Bangar,Gurdaspur,Fatehgarh Churian,,,
Punjab,HWC Ghuman Khurd,Gurdaspur,Naushehra Majha Singh,,,
Punjab,HWC Nainokot,Gurdaspur,Kahnuwan,,,
Punjab,PHC Panjgaraiyan,Gurdaspur,Bhullar,,,
Punjab,HWC Hemrajpur,Gurdaspur,Dorangla,,,
Punjab,HWC Kala Bala,Gurdaspur,Kahnuwan,,,
Punjab,HWC Bhoper Saidan,Gurdaspur,Kalanur,,,
Punjab,HWC Naranwali,Gurdaspur,Kalanur,,,
Punjab,HWC Mour,Gurdaspur,Kalanur,,,
Punjab,HWC Hakimpur,Gurdaspur,Kalanur,,,
Punjab,PHC Wadala Wangar,Gurdaspur,Kalanur,,,
Punjab,HWC Rudiana,Gurdaspur,Kalanur,,,
Punjab,HWC Sidhwan,Gurdaspur,Kahnuwan,,,
Punjab,HWC Thikriwal,Gurdaspur,Kahnuwan,,,
Punjab,HWC Nava Pind Hundal,Gurdaspur,Kahnuwan,,,
Punjab,HWC Dalam Nangal,Gurdaspur,Dhianpur,,,
Punjab,HWC Kotli Surat Malhi,Gurdaspur,Dhianpur,,,
Punjab,HWC Udhowali Khurd,Gurdaspur,Dhianpur,,,
Punjab,HWC Singhpura,Gurdaspur,Dhianpur,,,
Punjab,HWC Shahpur Jajan,Gurdaspur,Dhianpur,,,
Punjab,HWC Fazlabad,Gurdaspur,Dhianpur,,,
Punjab,HWC Manesh,Gurdaspur,Bham,,,
Punjab,UPHC Mansa,Mansa,Mansa,,,
Punjab,RH Phapre Bhai ke,Mansa,Khiala kalan,,,
Punjab,HWC Rarh,Mansa,Khiala Kalan,,,
Punjab,HWC Sangha,Mansa,Sardulgarh,,,
Punjab,HWC Tahlian,Mansa,Budhlada,,,
Punjab,HWC Aklia,Mansa,Khiala kalan,,,
Punjab,HWC Bareh,Mansa,Budhlada,,,
Punjab,HWC Alampur Mandran,Mansa,Budhlada,,,
Punjab,HWC Burj Hari,Mansa,Khiala Kalan,,,
Punjab,HWC Burj Rathi,Mansa,Khiala Kalan,,,
Punjab,HWC Chehlawali,Mansa,Sardulgarh,,,
Punjab,HWC Datewas,Mansa,Budhlada,,,
Punjab,HWC Khiwa Kalan,Mansa,Khiala Kalan,,,
Punjab,HWC Kotli Kalan,Mansa,Khiala Kalan,,,
Punjab,HWC Daliewali,Mansa,Sardulgarh,,,
Punjab,HWC Jwahar ke,Mansa,Khiala Kalan,,,
Punjab,HWC Khaira Kalan,Mansa,Sardulgarh,,,
Punjab,HWC Dhalewan,Mansa,Khiala kalan,,,
Punjab,HWC Jhanda Kalan,Mansa,Sardulgarh,,,
Punjab,HWC Jherian wali,Mansa,Sardulgarh,,,
Punjab,HWC Raipur,Mansa,Sardulgarh,,,
Punjab,HWC Malkon,Mansa,Sardulgarh,,,
Punjab,District Hospital Mansa,Mansa,Mansa,,,
Punjab,HWC Dalel Singh Wala,Mansa,Khiala Kalan,,,
Punjab,HWC Thuthian Wali,Mansa,Khiala Kalan,,,
Punjab,District Hospital Pathankot,Pathankot,Pathankot Urban,,,
Punjab,UPHC Pathankot,Pathankot,Pathankot Urban,,,
Punjab,UPHC-2 Dheera,Pathankot,Pathankot Urban,,,
Punjab,HWC Khozkichak,Pathankot,Narot Jaimal Singh,,,
Punjab,HWC Basau Barwan,Pathankot,Narot Jaimal Singh,,,
Punjab,HWC Kiri Khurd,Pathankot,Narot Jaimal Singh,,,
Punjab,HWC Majra,Pathankot,Narot Jaimal Singh,,,
Punjab,HWC Gajju Jagir,Pathankot,Narot Jaimal Singh,,,
Punjab,HWC Darshopur,Pathankot,Narot Jaimal Singh,,,
Punjab,HWC Janial,Pathankot,Narot Jaimal Singh,,,
Punjab,HWC Killpur,Pathankot,Narot Jaimal Singh,,,
Punjab,HWC Taloor,Pathankot,Narot Jaimal Singh,,,
Punjab,HWC Bahadurpur,Pathankot,Narot Jaimal Singh,,,
Punjab,CHC Kanwan,Pathankot,Gharota,,,
Punjab,HWC Kauntarpur,Pathankot,Gharota,,,
Punjab,HWC Basroop,Pathankot,Gharota,,,
Punjab,HWC Bharoli Kalan,Pathankot,Gharota,,,
Punjab,HWC Malikpur,Pathankot,Gharota,,,
Punjab,HWC Kanwan,Pathankot,Gharota,,,
Punjab,HWC Ladochak,Pathankot,Gharota,,,
Punjab,HWC Manwal,Pathankot,Gharota,,,
Punjab,HWC Azizpur,Pathankot,Gharota,,,
Punjab,HWC Jhakholahri,Pathankot,Gharota,,,
Punjab,HWC Bhanwal,Pathankot,Gharota,,,
Punjab,HWC Meelma,Pathankot,Gharota,,,
Punjab,HWC Mamoon,Pathankot,Gharota,,,
Punjab,HWC Balsua,Pathankot,Gharota,,,
Punjab,HWC Sherpur,Pathankot,Gharota,,,
Punjab,HWC Kailashpur,Pathankot,Gharota,,,
Punjab,HWC Jaini,Pathankot,Bungal Badhani,,,
Punjab,HWC Fangtoli,Pathankot,Bungal Badhani,,,
Punjab,HWC Bhatwan,Pathankot,Bungal Badhani,,,
Punjab,HWC Gho,Pathankot,Bungal Badhani,,,
Punjab,HWC Shahpur Kandi,Pathankot,Bungal Badhani,,,
Punjab,HWC Jandwal,Pathankot,Bungal Badhani,,,
Punjab,HWC Dharkalan,Pathankot,Bungal Badhani,,,
Punjab,HWC Haryal,Pathankot,Bungal Badhani,,,
Punjab,HWC Ferozepur Kalan,Pathankot,Bungal Badhani,,,
Punjab,HWC Mirzapur,Pathankot,Bungal Badhani,,,
Punjab,HWC Channi Muwalan,Pathankot,Bungal Badhani,,,
Punjab,HWC Dukhniali,Pathankot,Bungal Badhani,,,
Punjab,HWC Ranipur,Pathankot,Bungal Badhani,,,
Punjab,HWC Patralwan,Pathankot,Bungal Badhani,,,
Punjab,HWC Kanpur,Pathankot,Bungal Badhani,,,
Punjab,HWC Dung,Pathankot,Bungal Badhani,,,
Punjab,HWC Bhamlada,Pathankot,Bungal Badhani,,,
Maharashtra,HWC Tetali,Satara,Jaoli,,,
Maharashtra,HWC Chitali,Satara,Khatav,,,
Maharashtra,HWC Gursale,Satara,Khatav,,,
Maharashtra,HWC Mhasurne,Satara,Khatav,,,
Maharashtra,HWC Pedgaon,Satara,Khatav,,,
Maharashtra,HWC Chorade,Satara,Khatav,,,
Maharashtra,HWC Visapur,Satara,Khatav,,,
Maharashtra,HWC Nidhal,Satara,Khatav,,,
Maharashtra,HWC Kalambi,Satara,Khatav,,,
Maharashtra,HWC Mograle,Satara,Man,,,
Maharashtra,HWC Bidal,Satara,Man,,,
Maharashtra,HWC Pawarwadi,Satara,Phaltan,,,
Maharashtra,HWC Var Mhaswad,Satara,Man,,,
Maharashtra,HWC Lodhawade,Satara,Man,,,
Maharashtra,HWC Ranand,Satara,Man,,,
Maharashtra,HWC Wathar Nimbalkar,Satara,Phaltan,,,
Maharashtra,HWC Vidani,Satara,Phaltan,,,
Maharashtra,HWC Nandal,Satara,Phaltan,,,
Maharashtra,HWC Kalaj,Satara,Phaltan,,,
Maharashtra,HWC Hatageghar,Satara,Jaoli,,,
Maharashtra,HWC Songaon,Satara,Jaoli,,,
Maharashtra,HWC Injbav,Satara,Man,,,
Maharashtra,HWC Budh,Satara,Khatav,,,
Maharashtra,HWC Bhilar,Satara,Mahableshwar,,,
Maharashtra,HWC Divad,Satara,Man,,,
Maharashtra,HWC Narawane,Satara,Man,,,
Maharashtra,HWC Mahimangarh,Satara,Man,,,
Maharashtra,HWC Aandrud,Satara,Phaltan,,,
Maharashtra,HWC Kolaki,Satara,Phaltan,,,
Maharashtra,HWC Somanthali,Satara,Phaltan,,,
Maharashtra,HWC Mathawadi,Satara,Phaltan,,,
Maharashtra,HWC Kenjal,Satara,Wai,,,
Maharashtra,HWC Pasarni,Satara,Wai,,,
Maharashtra,HWC Velang,Satara,Wai,,,
Maharashtra,PHC Vadgaon Haveli,Satara,Karad,,,
Maharashtra,UHC Kasturba,Satara,Satara,,,
Maharashtra,HWC Gondawale,Satara,Man,,,
Maharashtra,HWC Gunaware,Satara,Phaltan,,,
Maharashtra,HWC Hingangaon,Satara,Phaltan,,,
Maharashtra,HWC Shendurjane,Satara,Wai,,,
Maharashtra,CH Satara,Satara,Satara,,,
Maharashtra,HWC Lalgun,Satara,Khatav,,,
Maharashtra,HWC Katgun,Satara,Khatav,,,
Maharashtra,HWC Shingnapur,Satara,Man,,,
Maharashtra,HWC Vavarhire,Satara,Man,,,
Maharashtra,HWC Algudewadi,Satara,Phaltan,,,
Maharashtra,PHC Satara Road,Satara,Koregaon,,,
Maharashtra,HWC Udtare,Satara,Wai,,,
Maharashtra,HWC Kikali,Satara,Wai,,,
Maharashtra,HWC Pachwad,Satara,Wai,,,
Maharashtra,HWC Girye (PHC Padel),Devgad,Sindhudurg,,,
Maharashtra,HWC Kunkeshwar (PHC Mithbav),Devgad,Sindhudurg,,,
Maharashtra,HWC Ubhadanda 2 (PHC Tulas),vengurla,Sindhudurg,,,
Maharashtra,HWC Vetore (PHC Adeli),vengurla,Sindhudurg,,,
Maharashtra,HWC Banda No.1(PHC Banda),Sawantwadi,Sindhudurg,,,
Maharashtra,HWC Ajgaon (PHC Malewad),Sawantwadi,Sindhudurg,,,
Maharashtra,HWC Aayee (PHC Morgaon),Dodamarg,Sindhudurg,,,
Maharashtra,HWC Kelus (PHC Parule),vengurla,Sindhudurg,,,
Maharashtra,HWC Kochara (PHC Parule),vengurla,Sindhudurg,,,
Maharashtra,HWC Chowkul (PHC Amboli),Sawantwadi,Sindhudurg,,,
Maharashtra,HWC Talawane(PHC Malewad),Sawantwadi,Sindhudurg,,,
Maharashtra,HWC Matond(PHC Tulas),vengurla,Sindhudurg,,,
Maharashtra,HWC Amboli (PHC Amboli),Sawantwadi,Sindhudurg,,,
Maharashtra,HWC Danoli (PHC Amboli),Sawantwadi,Sindhudurg,,,
Maharashtra,HWC Kariwade (PHC Sangeli),Sawantwadi,Sindhudurg,,,
Maharashtra,HWC Kunkeri(PHC Sangeli),Sawantwadi,Sindhudurg,,,
Maharashtra,HWC Kolgaon (PHC Sangeli),Sawantwadi,Sindhudurg,,,
Maharashtra,HWC Otavane (PHC Nirvade),Sawantwadi,Sindhudurg,,,
Maharashtra,HWC Pombhurle (PHC Phanasgaon),Devgad,Sindhudurg,,,
Maharashtra,HWC Kunkuwan(PHC Phanasgaon),Devgad,Sindhudurg,,,
Maharashtra,HWC Kinjawade (PHC Shirgaon),Devgad,Sindhudurg,,,
Maharashtra,HWC Hindale( PHC Mithbav),Devgad,Sindhudurg,,,
Maharashtra,HWC Katta (PHC Elaye),Devgad,Sindhudurg,,,
Maharashtra,HWC Majgaon (PHC Niravade),Sawantwadi,Sindhudurg,,,
Maharashtra,HWC Mutat (PHC Mond),Devgad,Sindhudurg,,,
Maharashtra,HWC Nadan (PHC Mond),Devgad,Sindhudurg,,,
Maharashtra,HWC Ombal (PHC Shirgaon),Devgad,Sindhudurg,,,
Maharashtra,HWC Saragave (PHC sateli Bhedashi ),Dodamarg,Sindhudurg,,,
Maharashtra,HWC Tambuli (PHC Talkat),Dodamarg,Sindhudurg,,,
Maharashtra,HWC Tirlot (PHC Padel),Devgad,Sindhudurg,,,
Maharashtra,HWC Kudase (PHC Talkat),Dodamarg,Sindhudurg,,,
Maharashtra,HWC Kolzar (PHC Talkat),Dodamarg,Sindhudurg,,,
Maharashtra,HWC Tiroda (PHC Malewad),Sawantwadi,Sindhudurg,,,
Maharashtra,HWC Undil (PHC Phanasgaon),Devgad,Sindhudurg,,,
Maharashtra,HWC Vilawade (PHC Talkat),Dodamarg,Sindhudurg,,,
Maharashtra,HWC Netarde (PHC Banda),Sawantwadi,Sindhudurg,,,
Maharashtra,HWC Talawade No.1(PHC Niravade),Sawantwadi,Sindhudurg,,,
Maharashtra,HWC Insuli (PHC Banda),Sawantwadi,Sindhudurg,,,
Maharashtra,HWC Kalane (PHC Morgaon),Dodamarg,Sindhudurg,,,
Maharashtra,HWC Dabhole (PHC Elaye),Devgad,Sindhudurg,,,
Maharashtra,HWC Zolmbe (PHC Talkat),Dodamarg,Sindhudurg,,,
Maharashtra,HWC Elaye (PHC Elaye),Devgad,Sindhudurg,,,
Maharashtra,HWC Baparde (PHC Mond),Devgad,Sindhudurg,,,
Maharashtra,HWC Sherle (PHC Banda),Sawantwadi,Sindhudurg,,,
Maharashtra,HWC Vijayadurg (PHC Padel),Devgad,Sindhudurg,,,
Maharashtra,PHC Allipur HWC Arvi Lahan,Wardha,Hinganghat,,,
Maharashtra,PHC Kannamwar Gram HWC Sawali Khrud,Wardha,Karanja,,,
Maharashtra,PHC Zadshi HWC Akoli,Wardha,Seloo,,,
Maharashtra,RH Ashti,Wardha,Ashti,,,
Maharashtra,PHC Burkoni HWC Chincholi,Wardha,Hinganghat,,,
Maharashtra,PHC Mandgaon HWC Ubda,Wardha,Samudrapur,,,
Maharashtra,PHC Sindirailway HWC Jungad,Wardha,Seloo,,,
Maharashtra,PHC Sahur HWC Belora,Wardha,Ashti,,,
Maharashtra,PHC Antora,Wardha,Ashti,,,
Maharashtra,PHC Burkoni HWC Chincholi,Wardha,Hinganghat,,,
Maharashtra,PHC Dahegaon Gosai HWC Kolgaon,Wardha,Seloo,,,
Maharashtra,PHC Burkoni HWC Kingaon,Wardha,Hinganghat,,,
Maharashtra,PHC Kharangana Morangana HWC Dahegaon,Wardha,Arvi,,,
Maharashtra,PHC Girad HWC Peth,Wardha,Samudrapur,,,
Maharashtra,PHC Sahur HWC Tarasawanga,Wardha,Ashti,,,
Maharashtra,PHC Kharangana Mo HWC Dahegaon,Wardha,Arvi,,,
Maharashtra,PHC Deoli HWC Dighi,Wardha,Deoli,,,
Maharashtra,PHC Kharangana Gode HWC Madani,Wardha,Wardha,,,
Maharashtra,PHC Anji HWC Nalwadi,Wardha,Wardha,,,
Maharashtra,PHC Sarwadi HWC Nandpur,Wardha,Karanja,,,
Maharashtra,PHC Rohana HWC Saldhara,Wardha,Arvi,,,
Maharashtra,PHC Hamadapur HWC Palsgaon Bai,Wardha,Seloo,,,
Maharashtra,PHC Rohana HWC Rasulabad,Wardha,Arvi,,,
Maharashtra,PHC Kharangana Gode HWC Karanji Bhoge,Wardha,Wardha,,,
Maharashtra,PHC Anji HWC Mandwa,Wardha,Wardha,,,
Maharashtra,PHC Gaul HWC Kharda,Wardha,Deoli,,,
Maharashtra,PHC Girad Piplgaon,Wardha,Samudrapur,,,
Maharashtra,PHC Kharangana MO HWC Malegaon kali,Wardha,Arvi,,,
Maharashtra,PHC Kannamwar gram HWC Umri,Wardha,Karanja,,,
Maharashtra,PHC Mandgaon HWC Shedgaon,Wardha,Samudrapur,,,
Maharashtra,PHC Burkoni HWC Piplgaon,Wardha,Hinganghat,,,
Maharashtra,PHC Sahur HWC Borgaon,Wardha,Ashti,,,
Maharashtra,PHC Antora HWC Talegaon,Wardha,Ashti,,,
Maharashtra,PHC Deoli HWC Nagzari,Wardha,Deoli,,,
Maharashtra,PHC Allipur HWC Yerla,Wardha,Hinganghat,,,
Maharashtra,HWC Dhivaripipri,Wardha,Arvi,,,
Maharashtra,PHC Sahur HWC Thar,Wardha,Karanja,,,
Maharashtra,PHC Hamdapur HWC Palasgaon Bai,Wardha,Wardha,,,
Maharashtra,PHC Deoli HWC Nandora,Wardha,Deoli,,,
Maharashtra,PHC Anji HWC Mahakal,Wardha,Wardha,,,
Maharashtra,PHC Deoli HWC Sonegaon,Wardha,Deoli,,,
Maharashtra,PHC Kannamwargram HWC Sindi Vihiri,Wardha,Karanja,,,
Maharashtra,PHC Girad HWC Pimpalgaon,Wardha,Samudrapur,,,
Maharashtra,PHC Girad HWC Pipri,Wardha,Samudrapur,,,
Maharashtra,PHC Talegaon HWC Waigaon Nipani,Wardha,Wardha,,,
Maharashtra,PHC Gaul HWC Andori,Wardha,Deoli,,,
Maharashtra,PHC Kangaon HWC Mozari,Wardha,Hinganghat,,,
Maharashtra,PHC Sindirailway HWC Kelzar,Wardha,Seloo,,,
Maharashtra,PHC Kangaon HWC Kosurla,Wardha,Hinganghat,,,
Maharashtra,HWC Wasi,Wardha,Hinganghat,,,
Maharashtra,PHC Talegaon Talatulli HWC Jaulgaon,Wardha,Wardha,,,
Maharashtra,PHC Nachangaon HWC Kawatha,Wardha,Deoli,,,
Maharashtra,PHC Kangaon HWC Ajansara,Wardha,Hinganghat,,,
Maharashtra,PHC Nanduri HWC Waigaon Gond,Wardha,Hinganghat,,,
Maharashtra,PHC Rohana HWC Bothli,Wardha,Arvi,,,
Maharashtra,HWC Nara,Wardha,Karanja,,,
Maharashtra,PHC Mandgaon HWC Ramnagar,Wardha,Samudrapur,,,
Maharashtra,HWC Umri Meghe,Wardha,Wardha,,,
Maharashtra,PHC Rohana HWC Virul,Wardha,Arvi,,,
Maharashtra,PHC Zadshi HWC Yelakeli,Wardha,Seloo,,,
Maharashtra,PHC Kharangana Morangana HWC Bedhona,Wardha,Arvi,,,
Maharashtra,PHC Jalgaon HWC Sawalapur,Wardha,Arvi,,,
Maharashtra,PHC Jalgaon HWC Thakarkehda,Wardha,Arvi,,,
Maharashtra,PHC jalgaon HWC Wardhmaneri,Wardha,Arvi,,,
Maharashtra,PHC Mandgaon HWC Bothuda,Wardha,Samudrapur,,,
Maharashtra,PHC Giroli HWC Adegaon,Wardha,Deoli,,,
Maharashtra,PHC Rohana HWC Dhanodi,Wardha,Arvi,,,
Maharashtra,PHC Salaikala HWC Ghorad,Wardha,Seloo,,,
Maharashtra,PHC Rohana HWC Pachod,Wardha,Arvi,,,
Maharashtra,PHC Kharangana Mo HWC Panwadi,Wardha,Arvi,,,
Maharashtra,PHC Nandori HWC Parda,Wardha,Hinganghat,,,
Maharashtra,PHC Kannamwargram HWC Kajali,Wardha,Karanja,,,
Maharashtra,PHC Antora HWC Peth Ashti,Wardha,Ashti,,,
Maharashtra,PHC Burkoni HWC Satefal,Wardha,Hinganghat,,,
Maharashtra,PHC SindiRailway HWC Seldhov,Wardha,Seloo,,,
Maharashtra,PHC Dahegaon HWC Sukali,Wardha,Seloo,,,
Maharashtra,PHC Kannamwar Gram HWC Thanegaon,Wardha,Karanja,,,
Maharashtra,PHC Waifad HWC Zadgaon,Wardha,Wardha,,,
Maharashtra,PHC Jalgaon HWC Shirpur,Wardha,Arvi,,,
Maharashtra,PHC Jalgaon HWC Khubgaon,Wardha,Arvi,,,
Maharashtra,SDH Hinganghat,Wardha,Hinganghat,,,
Maharashtra,HWC Pipri,Wardha,Wardha,,,
Maharashtra,HWC Pipri Allipur,Wardha,Hinganghat,,,
Maharashtra,PHC Salaikala HWC Mohi,Wardha,Seloo,,,
Maharashtra,PHC Sarwadi HWC Chopan,Wardha,Karanja,,,
Maharashtra,PHC Nandori HWC Jam,Wardha,Hinganghat,,,
Maharashtra,PHC Kharangana Gode HWC Taroda,Wardha,Wardha,,,
Maharashtra,PHC Nandori HWC Waigaon Halda,Wardha,Hinganghat,,,
Maharashtra,PHC Anji HWC Pawnar,Wardha,Wardha,,,
Maharashtra,PHC Kangaon HWC Sirasgaon,Wardha,Hinganghat,,,
Maharashtra,PHC Nachangaon HWC Sonora Thok,Wardha,Deoli,,,
Maharashtra,PHC Hamdapur HWC Chanki,Wardha,Seloo,,,
Maharashtra,PHC Antora HWC Chistur,Wardha,Ashti,,,
Maharashtra,PHC Kharangana Mo HWC Pipalkhuta,Wardha,Arvi,,,
Maharashtra,PHC Jalgaon HWC Durwada,Wardha,Arvi,,,
Maharashtra,PHC Vijaygopal HWC Rohani,Wardha,Deoli,,,
Maharashtra,PH C Allipur HWC Shirud,Wardha,Hinganghat,,,
Maharashtra,PHC Talegaon HWC Wadad,Wardha,Wardha,,,